"","word","twitter_zipf","youtube_zipf","shabd_zipf","twitter_youtube_zipf_avg","lm_preds_shabd_YT"
"1","कीमतों",4.0645559451893,3.71072936145749,4.02393835980927,3.88764265332339,3.32424598684265
"2","सापेक्षिक",1.40448138796842,1.7262020481137,2.03086505340084,1.56534171804106,0.966022841875816
"3","सैल्फ",1.22839012891273,1.7262020481137,1.73529795343836,1.47729608851322,0.876615289990002
"4","भावरा",0.927360133248754,1.7262020481137,2.1332379621104,1.32678109068122,0.723772070509113
"5","ब्रह्मपुरी",2.40448138796842,1.90229330716938,3.06849324389445,2.1533873475689,1.56316457866823
"6","सपरिवार",3.83984789458108,3.2313520264336,3.58754915025796,3.53559996050734,2.96675776746408
"7","आनंदपुरी",2.08872813548373,1.7262020481137,2.51973692766105,1.90746509179871,1.3134383065005
"8","पहुंचने",4.15124528512464,4.03262707566438,5.09149118263638,4.09193618039451,3.53169960174095
"9","काटन",2.74360143324054,2.50435329849734,3.09655347349651,2.62397736586894,2.04103385740174
"10","कथित",4.37552517980444,4.1559543281161,4.31460985590171,4.26573975396027,3.70819163325748
"11","शीलम",1.98805797360237,1.7262020481137,2.04439557085037,1.85713001085803,1.26232462391325
"12","मनगढ़त",2.08872813548373,1.90229330716938,1.95278189765227,1.99551072132655,1.40284585838631
"13","सिद्धेश्वर",2.47142817759903,1.90229330716938,3.48076312210909,2.1868607423842,1.59715575233344
"14","सालेह",2.70911550790122,1.90229330716938,2.23360850722796,2.3057044075353,1.71783773524706
"15","बंगले",3.84275996846102,3.50071901384224,3.63879490077422,3.67173949115163,3.10500315471458
"16","बुर्ज",2.93382617549799,2.90229330716938,3.34355648193663,2.91805974133368,2.33966520780572
"17","छात्रवास",1.98805797360237,1.7262020481137,1.79124935876751,1.85713001085803,1.26232462391325
"18","गांज",1.47142817759903,2.02723204377768,2.22490491970608,1.74933011068835,1.15285723502192
"19","वस्तुस्थिति",2.85932624797693,2.53911540475655,3.4247178143471,2.69922082636674,2.11744121157255
"20","पियुष",2.91188744659255,2.50435329849734,2.71982526678215,2.70812037254494,2.1264784192222
"21","पदमुक्त",2.59011796493033,2.12414205678573,2.85546042608013,2.35713001085803,1.77005880881985
"22","दफना",3.34978580961996,3.37941456188904,3.32580541544694,3.3646001857545,2.79311290495739
"23","धारकों",3.34065989733001,2.68044455755302,4.25623977541642,3.01055222744151,2.43358840189361
"24","स्टाप",2.35060600718556,2.46656473760794,3.73071375198078,2.40858537239675,1.82231010091972
"25","पांडेपुर",1.40448138796842,1.7262020481137,1.69553082656687,1.56534171804106,0.966022841875816
"26","मयंकेश्वर",1.52942012457672,2.02723204377768,1.86963446438704,1.7783260841772,1.18230172895178
"27","मेहनताने",1.667722822743,2.12414205678573,2.55811959874147,1.89593243976437,1.30172726313956
"28","वेग",3.18862300204125,3.01623665947621,3.14501979265851,3.10242983075873,2.52688720195649
"29","ब्लडप्रेशर",2.19453186165177,2.32826203944166,2.59488653017385,2.26139695054671,1.67284491412829
"30","जमुना",3.43046956992012,3.8565358166087,3.73459165087889,3.64350269326441,3.0763295795953
"31","नाराज",4.35662779968192,4.41239128235772,4.62417215587552,4.38450954101982,3.8287985953059
"32","पहंचान",1.47142817759903,1.90229330716938,1.80533582004612,1.6868607423842,1.08942156742684
"33","ठूंसे",2.14484407746266,1.7262020481137,2.11324133369414,1.93552306278818,1.34193028856144
"34","मलीन",2.77554925024015,2.12414205678573,2.45442198941271,2.44984565351294,1.86420861132282
"35","लमही",1.7055113836324,2.32826203944166,2.10172091066433,2.01688671153703,1.42455250031848
"36","ट्रीटेड",1.10345139230444,1.7262020481137,1.77172721906504,1.41482672020907,0.813179622394926
"37","बिजरौल",1.22839012891273,1.7262020481137,2.66086786298174,1.47729608851322,0.876615289990002
"38","धर्माचार्यो",1.667722822743,1.90229330716938,2.46869586279978,1.78500806495619,1.18908706908055
"39","पाइपर",2.05769390174376,1.90229330716938,1.92911797945447,1.97999360445657,1.38708871701415
"40","ठक्कर",3.19920173978525,2.6012633115054,3.12865376065281,2.90023252564532,2.32156223415235
"41","जमुनादास",0.927360133248754,1.7262020481137,2.13755933589304,1.32678109068122,0.723772070509113
"42","शंकर",4.35848255564999,4.25511874839135,5.0423123635113,4.30680065202067,3.74988767647394
"43","उच्चअधिकारियों",1.32530014192079,1.7262020481137,1.4756606429326,1.52575109501724,0.925819816453936
"44","सारस",2.18263263835206,1.7262020481137,3.0033491174748,1.95441734323288,1.36111683272341
"45","ईनामी",2.72324015059283,2.20332330283336,2.99536934142344,2.46328172671309,1.87785251867206
"46","डकारे",2.07348816892699,2.42517205244971,2.19769595133732,2.24933011068835,1.66059141992852
"47","विघालय",1.74027348989161,2.02723204377768,1.92911797945447,1.88375276683464,1.28935919052475
"48","सजायाफ्ता",2.75666390607978,2.6012633115054,3.27106662586698,2.67896360879259,2.09687064786557
"49","मागी",2.65571391526998,2.82311206112175,3.62058848176598,2.73941298819587,2.15825508062444
"50","कृष्णपुरा",0.927360133248754,1.7262020481137,1.79124935876751,1.32678109068122,0.723772070509113
"51","वायदा",3.67399433218633,3.28250454888098,3.90779142164023,3.47824944053366,2.90852012843847
"52","फलस्वरुप",2.23911399430451,2.20332330283336,2.70610956431088,2.22121864856893,1.63204511931705
"53","मंथन",3.82250632262475,3.77735457056108,4.21595154228173,3.79993044659291,3.23517701526133
"54","अभार",2.40448138796842,2.57130008812795,2.6659923411029,2.48789073804818,1.90284219129522
"55","पैथोलॉजिकल",1.32530014192079,1.7262020481137,2.14183813387232,1.52575109501724,0.925819816453936
"56","बरकारार",1.32530014192079,1.7262020481137,1.77172721906504,1.52575109501724,0.925819816453936
"57","करंसी",2.7055113836324,2.84014540042053,3.21096914176279,2.77282839202646,2.19218736627895
"58","पीठों",2.32530014192079,1.90229330716938,2.57961977433284,2.11379672454508,1.52296155324635
"59","ड्राईंग",1.10345139230444,2.12414205678573,1.64512132308927,1.61379672454508,1.01522736833975
"60","गृहस्थों",1.85677905896305,1.7262020481137,2.01405155439119,1.79149055353837,1.19566983119343
"61","अधिकता",2.65975389307172,2.90229330716938,3.37428611278204,2.78102360012055,2.20050934088253
"62","काशीबाई",1.10345139230444,1.7262020481137,1.61753780145718,1.41482672020907,0.813179622394926
"63","पाजू",1.32530014192079,1.7262020481137,2.27154066027668,1.52575109501724,0.925819816453936
"64","रोमिंग",2.36669282707902,1.7262020481137,2.52062778844913,2.04644743759636,1.45457048262044
"65","खेत",4.67663254154717,4.68452697975775,5.053794322945,4.68057976065246,4.1294485385865
"66","निखिता",1.22839012891273,1.7262020481137,1.50430582438213,1.47729608851322,0.876615289990002
"67","सिकरी",1.88160264268808,1.7262020481137,3.07075585412775,1.80390234540089,1.20827361324252
"68","मंचीय",1.47142817759903,2.12414205678573,2.48348598044456,1.79778511719238,1.20206176148585
"69","गोपी",2.84381408179868,3.40289565773856,3.93645601343686,3.12335486976862,2.54813591720814
"70","महावत",2.38975813114771,1.90229330716938,2.64311224711512,2.14602571915854,1.5556890778672
"71","वेक्सिंग",0.927360133248754,1.7262020481137,1.24718131441724,1.32678109068122,0.723772070509113
"72","हैंडबिल",0.927360133248754,1.7262020481137,2.65306595588612,1.32678109068122,0.723772070509113
"73","प्रभार",3.46956291568278,2.32826203944166,4.29279011718609,2.89891247756222,2.32022176707733
"74","अग्रसरित",1.5805726470241,1.90229330716938,1.69553082656687,1.74143297709674,1.14483794564744
"75","संयोगिता",2.11769183141905,2.50435329849734,2.86280768841237,2.31102256495819,1.72323815589569
"76","क्षत्रपों",1.5805726470241,2.20332330283336,2.34006383814225,1.89194797492873,1.29768116512833
"77","चम्पारण",3.14087789024506,3.01623665947621,3.23942885937381,3.07855727486064,2.50264537653537
"78","छात्रहित",3.12875725756921,1.90229330716938,3.01661545185874,2.51552528236929,1.93090419696751
"79","धर्मतल्ला",0.927360133248754,1.7262020481137,2.26034276047521,1.32678109068122,0.723772070509113
"80","पीटीआई",3.17899835369697,1.90229330716938,3.40728029216023,2.54064583043317,1.95641331895875
"81","टपकी",2.04130348555559,2.32826203944166,2.37998267183424,2.18478276249862,1.59504562948653
"82","पेपर",4.57332247833314,4.71542932184423,4.59478150672065,4.64437590008869,4.09268466331886
"83","मन्नतें",2.41165997259554,2.42517205244971,3.51955853600444,2.41841601252263,1.83229280502257
"84","कोहराम",3.76996937285932,3.50435329849734,4.42766009522338,3.63716133567833,3.06989013154495
"85","लाली",3.62892811830468,3.30023331584141,3.88177483561107,3.46458071707305,2.89463997210849
"86","अंपायरों",1.22839012891273,2.12414205678573,2.2231430735498,1.67626609284923,1.07866303593483
"87","होमियो",1.7055113836324,2.02723204377768,2.45545725684432,1.86637171370504,1.27170928083759
"88","अल्मोड़ा",3.26581662685336,2.12414205678573,3.23755432662213,2.69497934181955,2.11313411817382
"89","गुरुवाणी",2.54014398996849,1.90229330716938,3.19355799079868,2.22121864856893,1.63204511931705
"90","तुहिन",1.667722822743,2.27027009246397,1.98754400391148,1.96899645760348,1.37592146222665
"91","परिणीता",1.52942012457672,1.7262020481137,1.8814259891166,1.62781108634521,1.02945850947089
"92","करतला",1.32530014192079,1.7262020481137,2.1063658157101,1.52575109501724,0.925819816453936
"93","मंडरो",1.10345139230444,1.7262020481137,3.17006639548751,1.41482672020907,0.813179622394926
"94","धूणा",1.10345139230444,1.7262020481137,1.84080813820833,1.41482672020907,0.813179622394926
"95","यूनियन",4.0836063236461,3.91372276895016,5.20781854752744,3.99866454629813,3.43698520751528
"96","कैकयी",2.23911399430451,2.02723204377768,2.2231430735498,2.13317301904109,1.54263756743123
"97","धन्ना",3.20267148779057,2.78689988846731,3.1277750664089,2.99478568812894,2.41757797992027
"98","महात्म्य",3.03962990166602,2.32826203944166,2.89063399090342,2.68394597055384,2.10193007864109
"99","फ्लाइटों",1.8304501202407,1.7262020481137,1.77172721906504,1.7783260841772,1.18230172895178
"100","आसानी",4.26750668419789,4.60184198511786,4.5477767983072,4.43467433465788,3.87973935652355
"101","सतवा",0.927360133248754,1.7262020481137,1.66471687915265,1.32678109068122,0.723772070509113
"102","वैशाली",3.73557110617298,2.8565358166087,4.36452910852875,3.29605346139084,2.72350587451179
"103","बकायेदार",2.35872389740774,1.7262020481137,3.28750973810349,2.04246297276072,1.45052438460922
"104","धनेश",1.80242139664045,2.32826203944166,3.11392293647371,2.06534171804106,1.47375702678242
"105","मेला",4.01744175128758,4.07934859432767,5.06477973404985,4.04839517280763,3.48748508574667
"106","सरौली",0.927360133248754,1.7262020481137,2.49117280911085,1.32678109068122,0.723772070509113
"107","झलकी",2.31652621761329,2.37941456188904,2.83824592144373,2.34797038975116,1.76075750330635
"108","हाउसों",1.98805797360237,2.27027009246397,3.24918113904945,2.12916403303317,1.53856656894516
"109","बावू",0.927360133248754,1.7262020481137,1.59563596000935,1.32678109068122,0.723772070509113
"110","बुधवा",1.52942012457672,1.7262020481137,2.56700779603526,1.62781108634521,1.02945850947089
"111","गोसाईं",2.67554816025495,2.70392565340254,2.68346631516549,2.68973690682875,2.10781059125986
"112","कुकुरा",1.32530014192079,1.7262020481137,1.67730600646067,1.52575109501724,0.925819816453936
"113","चरते",2.22839012891273,2.32826203944166,2.48348598044456,2.2783260841772,1.69003591385838
"114","असरानी",1.52942012457672,1.90229330716938,1.98449631082947,1.71585671587305,1.11886606135671
"115","ब्रेकर",2.76934493783887,2.62929203510564,3.91153395319923,2.69931848647225,2.11754038232069
"116","आल्पस",0.927360133248754,1.7262020481137,1.45545725684432,1.32678109068122,0.723772070509113
"117","धाराएं",3.27175240693386,3.42949342623236,3.28060506990418,3.35062291658311,2.77891943021748
"118","सैक्शन",1.5805726470241,2.27027009246397,2.20878492350293,1.92542136974403,1.33167233879355
"119","ब्रॉड",2.67940858106819,2.42517205244971,2.64778571477068,2.55229031675895,1.9682379265053
"120","ट्रिब्युनल",0.927360133248754,1.90229330716938,2.25381189331625,1.41482672020907,0.813179622394926
"121","अनाजों",2.43251011156866,2.46656473760794,2.63974299451527,2.4495374245883,1.86389561459918
"122","जनरैल",1.667722822743,2.20332330283336,2.31077446204026,1.93552306278818,1.34193028856144
"123","अफ्रीका",3.67321532842248,3.67802508342961,3.63436571963338,3.67562020592604,3.10894389782026
"124","जनश्रुतियों",1.667722822743,1.7262020481137,1.92211307788582,1.69696243542835,1.09967951719473
"125","बारबरा",1.667722822743,1.90229330716938,1.83220796644642,1.78500806495619,1.18908706908055
"126","बनमनखी",2.15780905462703,2.02723204377768,3.61259729491737,2.09252054920235,1.50135627015521
"127","कोशिकाएं",1.7055113836324,1.7262020481137,2.33463508643085,1.71585671587305,1.11886606135671
"128","शकुंतला",2.8249872245392,2.7262020481137,4.12333251305863,2.77559463632645,2.19499639986875
"129","अतिवृष्टि",2.81385085842124,1.90229330716938,3.27625276236449,2.35807208279531,1.77101545307424
"130","स्पाइडरमैन",2.04130348555559,2.02723204377768,2.10172091066433,2.03426776466663,1.44220241000564
"131","बिज्जू",1.40448138796842,1.7262020481137,2.35203596022214,1.56534171804106,0.966022841875816
"132","गोपाला",2.75666390607978,2.68044455755302,2.65109338104043,2.7185542318164,2.13707367328745
"133","अमीना",2.23911399430451,2.20332330283336,2.9451479425305,2.22121864856893,1.63204511931705
"134","गावों",3.41165997259554,3.38895987979527,4.49031480195281,3.4003099261954,2.82937501686937
"135","आशाओं",3.27954265136012,2.78689988846731,3.73988799068884,3.03322126991371,2.45660809749808
"136","बेमायने",1.22839012891273,1.90229330716938,2.07275721472902,1.56534171804106,0.966022841875816
"137","रहवासियों",2.41165997259554,1.90229330716938,2.61753780145718,2.15697663988246,1.56680939148267
"138","नुक्ते",1.40448138796842,2.02723204377768,1.78645047588574,1.71585671587305,1.11886606135671
"139","हरकी",1.85677905896305,1.7262020481137,3.29190194292439,1.79149055353837,1.19566983119343
"140","बहुउद्देश्यीय",1.62633013758477,2.02723204377768,2.9517937414082,1.82678109068122,1.23150625541571
"141","प्रबंधन",4.21895095890675,3.61829665080418,5.15435487273415,3.91862380485547,3.35570636628386
"142","इंस्पेक्शन",2.27954265136012,1.7262020481137,2.85874123096971,2.00287234973691,1.41032135918734
"143","पड़री",2.11769183141905,1.90229330716938,1.99952530119459,2.00999256929421,1.41755171693391
"144","सफदरगंज",2.35872389740774,2.32826203944166,2.88490190837138,2.3434929684247,1.756210823571
"145","निर्धारकों",1.94854943231869,2.02723204377768,1.98449631082947,1.98789073804818,1.39510800638862
"146","सेवता",1.22839012891273,1.7262020481137,1.97208705284765,1.47729608851322,0.876615289990002
"147","अर्थनैतिक",1.10345139230444,1.7262020481137,1.52240404647493,1.41482672020907,0.813179622394926
"148","फित्र",2.37451816459097,2.02723204377768,2.3885104672137,2.20087510418433,1.61138689346459
"149","कृतिका",2.4524049402856,2.20332330283336,3.33722220653052,2.32786412155948,1.74034022392271
"150","मोईन",2.5805726470241,1.7262020481137,3.01147243078544,2.1533873475689,1.56316457866823
"151","गरेवाल",1.80242139664045,1.7262020481137,2.69014323116585,1.76431172237707,1.16807058782064
"152","बोल्ट",3.02600385906581,2.8565358166087,3.04890156561617,2.94126983783726,2.36323432666541
"153","गटके",1.10345139230444,1.90229330716938,1.66471687915265,1.50287234973691,0.90258717428074
"154","नालियो",1.667722822743,2.12414205678573,1.85751383171119,1.89593243976437,1.30172726313956
"155","गलियारा",2.11769183141905,2.32826203944166,2.72485900032372,2.22297693543035,1.63383060400988
"156","संसाधनहीन",1.10345139230444,1.7262020481137,1.54821131008122,1.41482672020907,0.813179622394926
"157","बुल्लेशाह",1.74027348989161,2.02723204377768,1.89666595567334,1.88375276683464,1.28935919052475
"158","आग",5.04328668297511,5.09206426351625,5.53216616848188,5.06767547324568,4.52253199081521
"159","जाएगा",5.44154249988413,5.65073976588918,5.98344232755792,5.54614113288666,5.00839873422243
"160","संतोषजनक",2.84643822562483,2.88757005034867,4.07135723130471,2.86700413798675,2.28781985750518
"161","आम्बा",0.927360133248754,1.7262020481137,1.54821131008122,1.32678109068122,0.723772070509113
"162","पुलिस",5.94463769451261,5.81830835271893,6.50238560765885,5.88147302361577,5.34891766264751
"163","जिलानी",2.52395722887521,2.27027009246397,3.17953798176337,2.39711366066959,1.81066094051318
"164","निरहू",1.74027348989161,2.37941456188904,2.3165078057932,2.05984402589032,1.46817429429638
"165","झाल",3.23163518372588,3.04842134284761,3.20401442495383,3.14002826328675,2.56506722094325
"166","शह",3.63151065008855,3.35459097816401,3.72218160485041,3.49305081412628,2.92355045515156
"167","रिट्रीट",2.71623524902417,1.90229330716938,2.75596992727512,2.30926427809677,1.72145267120286
"168","प्रोत्साहन",3.90599708163323,3.67314531881152,4.29828929155642,3.78957120022237,3.22465752823695
"169","कौतूहल",2.55574906329907,2.37941456188904,3.07549411252986,2.46758181259405,1.88221911987166
"170","सीखचों",0.927360133248754,2.02723204377768,2.04439557085037,1.47729608851322,0.876615289990002
"171","कलब",1.52942012457672,1.7262020481137,2.02253966461671,1.62781108634521,1.02945850947089
"172","पुलस्त्य",1.9050837385376,1.7262020481137,1.82784316104397,1.81564289332565,1.22019576830439
"173","अवसरपर",2.05769390174376,1.7262020481137,1.90775492783895,1.89194797492873,1.29768116512833
"174","जिम्नास्ट",0.927360133248754,1.90229330716938,2.22490491970608,1.41482672020907,0.813179622394926
"175","ठंडाई",2.19453186165177,1.7262020481137,2.54317108544169,1.96036695488273,1.36715847516651
"176","लाले",3.35872389740774,3.51859373761195,3.61753780145718,3.43865881750984,2.86831710301659
"177","गश्ती",2.31652621761329,2.20332330283336,4.15129319578512,2.25992476022332,1.67134995142054
"178","चावल",4.34024049171373,4.26149616815647,4.67716949245589,4.3008683299351,3.7438635910365
"179","साफिया",2.11769183141905,2.65562097382799,2.47664655591426,2.38665640262352,1.80004192573241
"180","परिजनो",3.05929942845918,2.6012633115054,2.9540959515501,2.83028136998229,2.25052904814466
"181","शहबुद्दीन",0.927360133248754,1.7262020481137,1.24718131441724,1.32678109068122,0.723772070509113
"182","नवरूप",0.927360133248754,1.7262020481137,2.38971516835208,1.32678109068122,0.723772070509113
"183","मीनू",2.77245817326301,2.02723204377768,4.11233086274872,2.39984510852034,1.81343463940941
"184","इस्पात",2.86687938586737,2.27027009246397,3.93904455381321,2.56857473916567,1.98477424238001
"185","राजौरी",3.09319775793888,2.12414205678573,4.1013471632386,2.60866990736231,2.02548961746603
"186","पालीगंज",2.59945799118447,1.90229330716938,2.63223732569055,2.25087564917692,1.66216086537799
"187","भदुआ",0.927360133248754,1.90229330716938,2.03360509076687,1.41482672020907,0.813179622394926
"188","साल्वेशन",0.927360133248754,1.7262020481137,1.67105705718367,1.32678109068122,0.723772070509113
"189","परतें",3.13821349856365,2.65562097382799,2.9451479425305,2.89691723619582,2.3181956625796
"190","असंतुलित",2.47758848630385,2.7262020481137,3.77247535789243,2.60189526720877,2.01861018467325
"191","घुना",0.927360133248754,2.02723204377768,1.54821131008122,1.47729608851322,0.876615289990002
"192","एसटीईटी",2.87918316856467,1.90229330716938,2.85751383171119,2.39073823786702,1.80418690031298
"193","मापा",2.28908796926635,2.20332330283336,2.75596992727512,2.24620563604985,1.65741861476084
"194","शिवहर",2.80242139664045,2.02723204377768,4.06311648576718,2.41482672020907,1.82864799220813
"195","संतोक",0.927360133248754,1.90229330716938,1.53977814254435,1.41482672020907,0.813179622394926
"196","एनिमा",0.927360133248754,1.7262020481137,1.33735794476632,1.32678109068122,0.723772070509113
"197","कौओं",2.23911399430451,2.80538329416132,2.63770882460482,2.52224864423291,1.93773155827883
"198","वेलवेट",1.52942012457672,1.7262020481137,2.22665964727263,1.62781108634521,1.02945850947089
"199","विजीट",1.77245817326301,1.7262020481137,1.68954046287769,1.74933011068835,1.15285723502192
"200","जवाबी",3.45627683352641,3.2313520264336,3.73459165087889,3.34381442998,2.77200562742573
"201","यूके",2.98426498458523,3.0586405080293,3.76315699761394,3.02145274630726,2.44465753401633
"202","भूपत",1.32530014192079,2.32826203944166,2.42103969204062,1.82678109068122,1.23150625541571
"203","सुजेन",0.927360133248754,1.7262020481137,1.37627601079669,1.32678109068122,0.723772070509113
"204","अक्षरा",2.44587407312664,2.02723204377768,2.66789853793884,2.23655305845216,1.64761672752321
"205","गूंजेगा",2.92079636374637,2.57130008812795,2.7170033303954,2.74604822593716,2.16499295467691
"206","राशियों",2.9607838887357,2.20332330283336,2.66343766031348,2.58205359578453,1.9984615949377
"207","फाक",2.14484407746266,2.27027009246397,2.21422500902129,2.20755708496332,1.61817223359335
"208","उदे",1.10345139230444,1.7262020481137,1.42327257347292,1.41482672020907,0.813179622394926
"209","कर्बला",3.20839350049648,3.16553474194396,3.68468796008327,3.18696412122022,2.61272910008473
"210","संरचनाएं",1.92736013324875,2.02723204377768,2.24382767240965,1.97729608851322,1.3843494748966
"211","मिटठू",1.10345139230444,1.90229330716938,1.92211307788582,1.50287234973691,0.90258717428074
"212","मुकुल",3.80530708487794,3.33365707132836,4.00023377522105,3.56948207810315,3.00116398618492
"213","सौतेलेपन",1.47142817759903,1.7262020481137,2.19014281344687,1.59881511285636,1.00001401554103
"214","मालवा",3.29750298029986,2.90229330716938,3.59884385275668,3.09989814373462,2.52431635386123
"215","छलकी",1.8304501202407,1.90229330716938,2.03903384247827,1.86637171370504,1.27170928083759
"216","डिपोजिट",2.14484407746266,2.12414205678573,2.8274042580436,2.1344930671242,1.54397803450626
"217","सालू",1.22839012891273,2.27027009246397,2.14817831190333,1.74933011068835,1.15285723502192
"218","नयायालय",1.32530014192079,2.02723204377768,1.59563596000935,1.67626609284923,1.07866303593483
"219","प्राइमर",0.927360133248754,1.7262020481137,1.62459965594467,1.32678109068122,0.723772070509113
"220","नाथा",2.23911399430451,2.27027009246397,2.3507219063243,2.25469204338424,1.66603629298226
"221","चन्द्रसेन",1.667722822743,1.7262020481137,2.42438472384228,1.69696243542835,1.09967951719473
"222","नियमानुसार",3.4842654023042,3.21050188746048,4.2789935857476,3.34738364488234,2.77563005226412
"223","सलहा",1.96875281840698,2.6012633115054,2.42103969204062,2.28500806495619,1.69682125398715
"224","बेवशी",0.927360133248754,2.02723204377768,1.49496579812799,1.47729608851322,0.876615289990002
"225","रोलर",2.18263263835206,2.53911540475655,3.46212700194996,2.36087402155431,1.77386073325816
"226","गाहर",0.927360133248754,1.7262020481137,2.41313294212204,1.32678109068122,0.723772070509113
"227","मोहाली",3.14484407746266,2.46656473760794,4.21053317604249,2.8057044075353,2.22557192015366
"228","रामकरन",1.5805726470241,1.7262020481137,3.43665003270714,1.6533873475689,1.05543039376163
"229","अभेद्य",2.63493030934669,2.37941456188904,2.59111985884439,2.50717243561786,1.92242214529354
"230","मल्टीलेवल",1.5805726470241,1.7262020481137,2.88835022850547,1.6533873475689,1.05543039376163
"231","चरखारी",2.39718214922692,1.7262020481137,3.54350892636258,2.06169209867031,1.47005095374956
"232","रामनगर",3.25777390659794,2.62929203510564,4.49128708209715,2.94353297085179,2.36553246665835
"233","उबारा",2.34233348121957,1.90229330716938,2.18631640559382,2.12231339419447,1.53160996189146
"234","बेमौसमी",2.48366263401604,1.7262020481137,3.22437711593615,2.10493234106487,1.5139600522043
"235","पुरूलिया",1.40448138796842,1.90229330716938,2.53892574878318,1.6533873475689,1.05543039376163
"236","वेसब्री",0.927360133248754,1.7262020481137,1.27936599778864,1.32678109068122,0.723772070509113
"237","डाइवर",1.7055113836324,2.27027009246397,1.91856779712117,1.98789073804818,1.39510800638862
"238","वाकये",2.02427014625681,2.46656473760794,3.09867486188666,2.24541744193237,1.65661822856527
"239","ईके",0.927360133248754,1.7262020481137,1.53977814254435,1.32678109068122,0.723772070509113
"240","पहुंचाएगी",2.73013385854073,2.46656473760794,2.8759630934151,2.59834929807433,2.01500936517689
"241","शिवरती",0.927360133248754,1.7262020481137,1.3885104672137,1.32678109068122,0.723772070509113
"242","बैद्यनाथ",2.9627898714333,2.53911540475655,3.7077900707743,2.75095263809493,2.16997323009565
"243","चामुंडा",2.6637566355254,2.27027009246397,3.44371885357307,2.46701336399468,1.88164187829913
"244","बयाने",1.22839012891273,1.7262020481137,2.38971516835208,1.47729608851322,0.876615289990002
"245","चरित्तर",1.40448138796842,1.7262020481137,1.60305997808856,1.56534171804106,0.966022841875816
"246","डायलिसिस",2.9229953278463,2.42517205244971,3.22172843229279,2.67408369014801,2.09191524483474
"247","स्किन",3.07657924590413,2.90229330716938,3.08481830701379,2.98943627653676,2.4121458216513
"248","गोलाम",0.927360133248754,1.90229330716938,1.48542048022176,1.41482672020907,0.813179622394926
"249","बल्लेबाज",3.24437823429687,3.20332330283336,3.84437003441724,3.22385076856511,2.65018632373192
"250","आंदर",1.62633013758477,2.37941456188904,3.12843425370758,2.00287234973691,1.41032135918734
"251","नीना",2.37451816459097,2.02723204377768,3.60592129172344,2.20087510418433,1.61138689346459
"252","अभिराम",2.14484407746266,2.12414205678573,3.02921269446946,2.1344930671242,1.54397803450626
"253","पैनापन",0.927360133248754,2.32826203944166,1.57257065594066,1.62781108634521,1.02945850947089
"254","अल्पाहार",1.85677905896305,1.7262020481137,2.70319678020699,1.79149055353837,1.19566983119343
"255","भूने",1.5805726470241,2.02723204377768,1.87753094523307,1.80390234540089,1.20827361324252
"256","सड़कों",0.927360133248754,3.85974095648391,5.19623148501894,2.39355054486633,1.80704270911699
"257","शूर्पनखा",2.04130348555559,2.02723204377768,1.94947926210218,2.03426776466663,1.44220241000564
"258","हड़पे",2.14484407746266,2.02723204377768,2.10866977061966,2.08603806062017,1.49477350804233
"259","टिप्स",3.60451065452219,3.20332330283336,4.05518441633981,3.40391697867777,2.83303786457347
"260","बरियारपुर",1.7055113836324,2.02723204377768,3.83627126684408,1.86637171370504,1.27170928083759
"261","इस्पेक्टर",2.24957942798267,1.90229330716938,3.4388042756257,2.07593636757603,1.48451555827444
"262","सूला",1.8304501202407,1.7262020481137,2.06009467106009,1.7783260841772,1.18230172895178
"263","मरला",1.22839012891273,1.7262020481137,3.17601029960807,1.47729608851322,0.876615289990002
"264","ईष्र्या",2.19453186165177,2.12414205678573,3.06697826160733,2.15933695921875,1.56920622111133
"265","खंडा",1.88160264268808,2.20332330283336,2.49021936310353,2.04246297276072,1.45052438460922
"266","गुरबाणी",1.77245817326301,1.90229330716938,3.30452551276326,1.83737574021619,1.24226478690773
"267","प्रसूती",1.9050837385376,1.7262020481137,2.02253966461671,1.81564289332565,1.22019576830439
"268","स्वामित्व",3.22839012891273,3.04842134284761,3.3434226675828,3.13840573588017,2.56341959568271
"269","फैशन",3.81243851739798,3.69234378085273,4.02483116645936,3.75239114912535,3.18690236235988
"270","हरगोविन्द",1.32530014192079,1.90229330716938,2.42327257347292,1.61379672454508,1.01522736833975
"271","बेटिया",2.97463500063293,3.1494479220505,3.11324133369414,3.06204146134172,2.48587409030518
"272","मोहल्लों",3.36192903728295,2.99337377651671,4.1161872506849,3.17765140689983,2.60327233325527
"273","भौंडसी",1.10345139230444,1.7262020481137,2.40854931665221,1.41482672020907,0.813179622394926
"274","प्रोडक्शन",3.52119979433003,3.47825049593313,3.68462695938342,3.49972514513158,2.93032802717711
"275","टिंचर",1.22839012891273,2.37941456188904,2.05751724817228,1.80390234540089,1.20827361324252
"276","तात्कालीन",2.38975813114771,2.02723204377768,2.43318086213317,2.20849508746269,1.61912474546228
"277","सिक्खी",1.32530014192079,2.02723204377768,1.62459965594467,1.67626609284923,1.07866303593483
"278","अंगोला",1.52942012457672,1.7262020481137,1.7564872525083,1.62781108634521,1.02945850947089
"279","सिरमौर",3.2207226879602,3.01623665947621,3.67011191103936,3.11847967371821,2.5431853098223
"280","मालिक",4.95075664772651,4.8592616908676,5.00061115599266,4.90500916929706,4.35734950432096
"281","तामिलनाडू",1.88160264268808,1.90229330716938,1.94615131875325,1.89194797492873,1.29768116512833
"282","मजूदर",1.94854943231869,1.7262020481137,2.86240275180317,1.83737574021619,1.24226478690773
"283","कुमारों",1.62633013758477,2.37941456188904,2.20142382385656,2.00287234973691,1.41032135918734
"284","कमलेंद्र",1.10345139230444,1.7262020481137,2.73854300825151,1.41482672020907,0.813179622394926
"285","थमा",3.74060743414636,3.77152502690035,3.95060497839799,3.75606623052336,3.19063429127604
"286","स्कील",2.6637566355254,2.20332330283336,2.5678068661446,2.43353996917938,1.84765070463392
"287","इस्तीफे",3.61444297785312,3.36469130506833,3.64116126560233,3.48956714146073,2.92001289574891
"288","छूटी",2.87184280539892,3.03795590916945,3.36939719269006,2.95489935728419,2.37707467255952
"289","बिनसर",1.22839012891273,1.7262020481137,1.88528640992984,1.47729608851322,0.876615289990002
"290","थ्यौरी",1.40448138796842,2.02723204377768,1.71302155872721,1.71585671587305,1.11886606135671
"291","बेटल",1.10345139230444,1.7262020481137,1.62459965594467,1.41482672020907,0.813179622394926
"292","गमनागमन",1.10345139230444,1.7262020481137,1.77172721906504,1.41482672020907,0.813179622394926
"293","काबू",4.0306506048065,4.01063278195821,5.05583627825933,4.02064169338236,3.45930230523805
"294","होप",2.58537152990587,2.90229330716938,3.01661545185874,2.74383241853762,2.16274287234908
"295","किनारों",3.2909721131409,3.03795590916945,3.71569905663535,3.16446401115517,2.58988094999636
"296","बास्केटबॉल",2.31652621761329,1.90229330716938,3.51145411186028,2.10940976239133,1.51850673193965
"297","फीटा",1.32530014192079,1.7262020481137,1.7243025691369,1.52575109501724,0.925819816453936
"298","जेनरेशन",2.61310187185102,3.11536813247823,2.82476148427855,2.86423500216462,2.28500788766609
"299","मर्लिन",1.667722822743,1.7262020481137,1.70143968617739,1.69696243542835,1.09967951719473
"300","मारकंडे",1.80242139664045,2.27027009246397,2.43643401953089,2.03634574455221,1.44431253285256
"301","वर्जन",3.20839350049648,3.35459097816401,4.09196903324508,3.28149223933024,2.70871941408343
"302","अथक",4.15780905462703,3.42080724704726,3.72768576272213,3.78930815083715,3.22439040990655
"303","चंद्रपुर",2.64751943665471,1.90229330716938,2.40040969051341,2.27490637191204,1.68656330421926
"304","खादिम",2.71268996825952,2.80538329416132,2.91571058627668,2.75903663121042,2.17818226940622
"305","लामी",1.88160264268808,1.7262020481137,1.76670641768998,1.80390234540089,1.20827361324252
"306","लाटी",2.35872389740774,2.32826203944166,2.84504519115159,2.3434929684247,1.756210823571
"307","आसनों",2.6637566355254,3.47825049593313,3.12090422703667,3.07100356572926,2.4949748238377
"308","दीर्घकालीन",2.68323498892125,2.12414205678573,2.68772712211422,2.40368852285349,1.81733750509681
"309","रतन",4.05072169199505,3.83679175841294,4.5139917329143,3.943756725204,3.38122805193883
"310","सोहता",0.927360133248754,1.7262020481137,1.78645047588574,1.32678109068122,0.723772070509113
"311","अर्से",2.64751943665471,2.53911540475655,3.76620113027766,2.59331742070563,2.00989965286819
"312","नीदरलैंड्स",2.11769183141905,1.90229330716938,2.16866770029495,2.00999256929421,1.41755171693391
"313","डेयरी",3.54225734928189,3.24471598799158,4.26685669668834,3.39348666863674,2.82244621463945
"314","खूबियों",2.93382617549799,2.68044455755302,2.93257851156398,2.8071353665255,2.22702501374671
"315","डूंगा",0.927360133248754,1.7262020481137,2.1063658157101,1.32678109068122,0.723772070509113
"316","तलाब",2.48965299770523,2.70392565340254,3.0927563390834,2.59678932555389,2.0134252624246
"317","सिक्यूरिटी",2.27954265136012,2.02723204377768,3.19919094242427,2.1533873475689,1.56316457866823
"318","हंक",1.74027348989161,1.90229330716938,2.04172298098905,1.82128339853049,1.22592352292968
"319","स्वर्गधाम",2.14484407746266,1.7262020481137,2.09227935443149,1.93552306278818,1.34193028856144
"320","सीआरपीएफ",3.49320795192227,3.39365500100365,4.31538145253893,3.44343147646296,2.87316358722338
"321","छठवां",2.45883905029101,2.20332330283336,2.61682525907929,2.33108117656218,1.74360704152191
"322","आर्गनाइजेशन",1.77245817326301,1.90229330716938,3.27090849934715,1.83737574021619,1.24226478690773
"323","खुजलाहट",1.40448138796842,2.02723204377768,1.72983505773686,1.71585671587305,1.11886606135671
"324","शासन",4.98988571193337,4.98352056121133,5.27427362571158,4.98670313657235,4.44030714409358
"325","परीक्षाफल",3.0137199639235,2.02723204377768,3.86106377583686,2.52047600385059,1.93593149803952
"326","वालिया",2.81666183575506,2.42517205244971,4.2228781790726,2.62091694410239,2.03792609589952
"327","बुल्ला",2.31652621761329,2.32826203944166,2.43318086213317,2.32239412852747,1.73478561901561
"328","फटकारना",1.32530014192079,1.7262020481137,1.71302155872721,1.52575109501724,0.925819816453936
"329","जेसन",2.14484407746266,2.12414205678573,2.21060586739455,2.1344930671242,1.54397803450626
"330","दाहिनी",2.52942012457672,2.7262020481137,3.01060930798017,2.62781108634521,2.0449268792841
"331","लड़कियां",1.22839012891273,3.88757005034867,4.12850011744128,2.5579800896307,1.97401571088799
"332","खलीफ",1.10345139230444,1.7262020481137,1.70143968617739,1.41482672020907,0.813179622394926
"333","जबावदेह",1.10345139230444,2.02723204377768,2.11550919514997,1.56534171804106,0.966022841875816
"334","झुलसती",1.88160264268808,2.02723204377768,2.00539423485869,1.95441734323288,1.36111683272341
"335","बुर्जुगों",1.9050837385376,1.7262020481137,2.57257065594066,1.81564289332565,1.22019576830439
"336","इनफेक्शन",1.77245817326301,1.90229330716938,2.31077446204026,1.83737574021619,1.24226478690773
"337","रमित",1.40448138796842,2.6012633115054,2.74707978398647,2.00287234973691,1.41032135918734
"338","तेजतर्रार",2.86687938586737,2.37941456188904,2.69014323116585,2.62314697387821,2.04019062060061
"339","लोद",1.22839012891273,1.7262020481137,1.44499182316615,1.47729608851322,0.876615289990002
"340","माह",4.92075227069776,4.3031190040789,5.60820266601856,4.61193563738833,4.05974260263821
"341","पैट्रोलिंग",1.96875281840698,1.7262020481137,2.52943730920613,1.84747743326034,1.25252273667562
"342","प्रविष्ट",2.45883905029101,2.32826203944166,2.75545198507669,2.39355054486633,1.80704270911699
"343","प्रवीणता",1.47142817759903,2.12414205678573,1.9814270791018,1.79778511719238,1.20206176148585
"344","तबला",2.92518321399448,3.19602406409186,3.39438182981107,3.06060363904317,2.48441402723959
"345","हरीशंकर",1.10345139230444,2.42517205244971,3.36598002483114,1.76431172237707,1.16807058782064
"346","धंस",2.72324015059283,2.65562097382799,3.72346658335056,2.68943056221041,2.10749950798968
"347","राइटिंग",2.34233348121957,2.84014540042053,3.23395304868348,2.59123944082005,2.00778953002128
"348","परिधानों",1.96875281840698,2.02723204377768,3.3830475715122,1.99799243109233,1.40536595615651
"349","सिन्ड्रोम",1.40448138796842,1.90229330716938,1.7243025691369,1.6533873475689,1.05543039376163
"350","तपस्यारत",1.22839012891273,1.7262020481137,2.30202998242458,1.47729608851322,0.876615289990002
"351","तोडफ़ोड़",2.43251011156866,1.90229330716938,2.3359986495036,2.16740170936902,1.57739571979937
"352","टीलों",2.33390031368271,1.90229330716938,2.41199156306323,2.11809681042604,1.52732815444595
"353","द्विपक्षीय",3.10633708054192,2.6012633115054,3.12201980556404,2.85380019602366,2.27441167208481
"354","रंगेहाथों",1.32530014192079,1.7262020481137,2.46869586279978,1.52575109501724,0.925819816453936
"355","भीरी",1.10345139230444,1.7262020481137,2.08748047154972,1.41482672020907,0.813179622394926
"356","ब्ल्यू",2.80530708487794,2.02723204377768,2.93941793609429,2.41626956432781,1.83011315477329
"357","छापने",3.48846151689781,3.5490236934168,3.71982526678215,3.51874260515731,2.94963965630742
"358","उधारी",3.20725511326039,2.88757005034867,3.17443319580721,3.04741258180453,2.47101892584936
"359","कब्जाया",2.35872389740774,2.27027009246397,2.99952530119459,2.31449699493586,1.72676632964114
"360","वलीम",0.927360133248754,1.90229330716938,1.45545725684432,1.41482672020907,0.813179622394926
"361","घुसिया",1.47142817759903,2.02723204377768,1.86963446438704,1.74933011068835,1.15285723502192
"362","बयानों",3.667722822743,3.54244334810548,3.97415916230917,3.60508308542424,3.03731568305297
"363","समाजहित",2.83851774198873,2.50435329849734,2.66853208215317,2.67143552024303,2.08922611205835
"364","बुझायी",1.22839012891273,1.7262020481137,2.60526265981068,1.47729608851322,0.876615289990002
"365","छठा",3.2965759906589,2.88757005034867,3.60320717161036,3.09207302050378,2.51637018873043
"366","कोल्हू",2.89350186598779,2.68044455755302,3.14922606749453,2.7869732117704,2.20655098332563
"367","भटकाव",2.54540822996085,2.91653374628399,2.87909315728413,2.73097098812242,2.14968249657189
"368","कागजातों",2.34233348121957,1.90229330716938,3.78490356603333,2.12231339419447,1.53160996189146
"369","बांधती",2.74690406879062,2.37941456188904,2.54569850954036,2.56315931533983,1.97927505077573
"370","भगा",4.02652262617735,4.36469130506833,4.2629278543097,4.19560696562284,3.63697400501401
"371","सर्वशक्ति",2.07348816892699,1.7262020481137,1.83652934022906,1.89984510852034,1.30570045450281
"372","कारीगरों",3.15396003845611,2.42517205244971,3.62808798379049,2.78956604545291,2.2091839239184
"373","क्वाटर",2.4524049402856,2.32826203944166,3.29892733812802,2.39033348986363,1.80377589151779
"374","हज",4.10316176609703,4.17568044730106,4.11478476715563,4.13942110669905,3.57991904244611
"375","सोमदेव",1.47142817759903,1.7262020481137,2.78741450398836,1.59881511285636,1.00001401554103
"376","जयचंद्र",1.88160264268808,2.20332330283336,2.7186986916189,2.04246297276072,1.45052438460922
"377","पुआल",1.74027348989161,2.20332330283336,3.56948014298196,1.97179839636248,1.37876674241057
"378","कुमांऊनी",0.927360133248754,1.7262020481137,1.48542048022176,1.32678109068122,0.723772070509113
"379","शेखावत",3.54749618822251,2.7262020481137,3.33093193719432,3.1368491181681,2.56183889963222
"380","तिरोधान",0.927360133248754,1.7262020481137,1.44499182316615,1.32678109068122,0.723772070509113
"381","खंडूरी",2.00654137929638,2.02723204377768,2.59263044986963,2.01688671153703,1.42455250031848
"382","बेचन",2.08872813548373,2.12414205678573,3.51839720069044,2.10643509613473,1.51548605244532
"383","ज्याद",2.32530014192079,2.96924009679999,2.56940060915115,2.64727011936039,2.06468691181817
"384","आर्य",3.99924214055488,4.62327905132312,4.88542090509199,4.311260595939,3.75441660845414
"385","झुग्गियों",3.30937717582362,2.53911540475655,3.4412685163765,2.92424629029009,2.34594745258925
"386","हैग",0.927360133248754,1.90229330716938,1.32356966028069,1.41482672020907,0.813179622394926
"387","आंचार",0.927360133248754,1.7262020481137,1.29460596434537,1.32678109068122,0.723772070509113
"388","गांठे",2.21739474461127,2.46656473760794,2.35203596022214,2.34197974110961,1.75467418909619
"389","सुंदरम्",2.21739474461127,1.90229330716938,2.22665964727263,2.05984402589032,1.46817429429638
"390","कसनी",2.37451816459097,2.32826203944166,2.83480594716633,2.35139010201632,1.76423011294548
"391","सिक्योरिटी",3.81917625277361,3.86921684836779,4.09773330166549,3.8441965505707,3.28012784370564
"392","गटकने",1.85677905896305,1.90229330716938,2.21602333242685,1.87953618306621,1.28507738307924
"393","एएनएम",3.13012082064195,1.90229330716938,4.47031767391133,2.51620706390567,1.93159652455282
"394","सिधारी",2.18263263835206,1.90229330716938,3.1853545126604,2.04246297276072,1.45052438460922
"395","सोरों",2.00654137929638,1.90229330716938,3.66770829431374,1.95441734323288,1.36111683272341
"396","भैरा",2.07348816892699,1.90229330716938,2.24718131441723,1.98789073804818,1.39510800638862
"397","रेडियो",3.80817372552954,3.84512780093947,3.97167774203585,3.82665076323451,3.26231065164226
"398","नात",2.64751943665471,2.50435329849734,3.16946750619669,2.57593636757602,1.99224974318104
"399","दीपावाली",2.31652621761329,2.02723204377768,2.11776527545419,2.17187913069548,1.58194239953472
"400","विलखते",1.10345139230444,1.7262020481137,1.65828276914724,1.41482672020907,0.813179622394926
"401","मुहान",2.36669282707902,2.37941456188904,2.40158187606146,2.37305369448403,1.78622880587296
"402","नीशा",0.927360133248754,1.7262020481137,2.68162738024332,1.32678109068122,0.723772070509113
"403","साहिवाल",1.32530014192079,1.7262020481137,1.81897970071266,1.52575109501724,0.925819816453936
"404","डब्ल्यूडब्ल्यूई",1.22839012891273,1.90229330716938,2.10172091066433,1.56534171804106,0.966022841875816
"405","अंबूजा",0.927360133248754,1.7262020481137,1.92211307788582,1.32678109068122,0.723772070509113
"406","काउन्सिल",2.41165997259554,1.90229330716938,2.15027130140918,2.15697663988246,1.56680939148267
"407","सफाई",4.59115525546816,4.75781246283718,5.53656013449385,4.67448385915267,4.12325834342796
"408","लखीमपुर",3.77524113069413,3.27027009246397,4.14400419562882,3.52275561157905,2.95371473739656
"409","वापसी",4.50708658209498,4.30196702865041,4.46920708647025,4.4045268053727,3.84912549410644
"410","सांस्कृति",2.07348816892699,2.12414205678573,3.01888183394616,2.09881511285636,1.50774820044763
"411","बाकरी",1.10345139230444,1.7262020481137,2.09227935443149,1.41482672020907,0.813179622394926
"412","दर्शाना",2.39718214922692,2.53911540475655,2.54653772619165,2.46814877699173,1.88279485428431
"413","संचालक",3.7201019190835,3.24471598799158,4.80900714135699,3.48240895353754,2.91274398232774
"414","जसबीर",2.18263263835206,1.7262020481137,4.20719446774753,1.95441734323288,1.36111683272341
"415","उबाल",3.54593116136888,3.41639812814221,3.68736354362341,3.48116464475555,2.91148042611734
"416","लाखन",2.45883905029101,2.27027009246397,3.6466553449689,2.36455457137749,1.77759821518712
"417","गाजीपुर",4.31403741720959,3.68044455755302,4.52754076649076,3.99724098738131,3.43553962846268
"418","नूर",4.00418255659153,3.72183724271125,4.07275721472902,3.86300989965139,3.29923220462733
"419","नाकरा",1.22839012891273,2.12414205678573,1.69553082656687,1.67626609284923,1.07866303593483
"420","झुलाने",2.18263263835206,1.7262020481137,2.14817831190333,1.95441734323288,1.36111683272341
"421","राइटस",1.32530014192079,1.90229330716938,2.46059689649673,1.61379672454508,1.01522736833975
"422","जद",3.59667701381487,3.80538329416132,4.04132067018501,3.70103015398809,3.13474689635586
"423","सश्रम",2.18263263835206,2.46656473760794,3.57454024880357,2.32459868798,1.73702427940903
"424","डल्ली",1.92736013324875,1.7262020481137,2.20878492350293,1.82678109068122,1.23150625541571
"425","कटेली",1.40448138796842,1.90229330716938,1.96892853360282,1.6533873475689,1.05543039376163
"426","सुखल",0.927360133248754,1.7262020481137,2.20327582871815,1.32678109068122,0.723772070509113
"427","कटवाने",3.1741048429726,3.14117539608451,3.59270584167294,3.15764011952855,2.5829515038905
"428","बनात",1.96875281840698,2.02723204377768,1.91856779712117,1.99799243109233,1.40536595615651
"429","घटक",3.19453186165177,2.87233008379193,3.6329250447288,3.03343097272185,2.4568210440668
"430","विक्षित",1.10345139230444,1.7262020481137,1.53977814254435,1.41482672020907,0.813179622394926
"431","सलेक्शन",2.84381408179868,2.90229330716938,3.03984233383538,2.87305369448403,2.29396299077956
"432","नोकझोक",1.5805726470241,1.7262020481137,2.83437402820292,1.6533873475689,1.05543039376163
"433","दल्लू",1.74027348989161,2.12414205678573,2.32636256046486,1.93220777333867,1.33856371698869
"434","सुबराती",1.10345139230444,2.02723204377768,2.46263584147144,1.56534171804106,0.966022841875816
"435","सलामती",3.36032942412316,3.56189261960612,3.40240052754214,3.46111102186464,2.89111660637146
"436","शमसिया",0.927360133248754,2.02723204377768,1.64512132308927,1.47729608851322,0.876615289990002
"437","पलट",4.37085781105734,4.41328489271807,4.53706171101271,4.3920713518877,3.83647737506075
"438","पसोपेश",1.7055113836324,1.7262020481137,2.70436423919471,1.71585671587305,1.11886606135671
"439","भिक्षुओं",2.81945473593923,2.37941456188904,3.04784552988148,2.59943464891414,2.01611150462486
"440","कुचलकर",3.13821349856365,2.78689988846731,3.78818418869474,2.96255669351548,2.38485045529942
"441","बहीखाता",2.31652621761329,1.7262020481137,1.97833600212466,2.02136413286349,1.42909918005383
"442","रसायनिक",2.30757137496036,2.12414205678573,3.36914498915109,2.21585671587305,1.62660024626331
"443","आनन्द",3.92409064868391,3.98746491690619,3.9412124739878,3.95577778279505,3.39343505569424
"444","सुखवीर",2.07348816892699,2.12414205678573,3.79891274310429,2.09881511285636,1.50774820044763
"445","पांडेया",0.927360133248754,1.7262020481137,1.58039599345262,1.32678109068122,0.723772070509113
"446","हुसेन",2.8887812273152,3.02723204377768,3.19563189936359,2.95800663554644,2.38023001535105
"447","कौंसलर",1.32530014192079,1.7262020481137,3.01319354723315,1.52575109501724,0.925819816453936
"448","मवन",0.927360133248754,1.7262020481137,1.43426795777438,1.32678109068122,0.723772070509113
"449","लिमटेड",1.47142817759903,1.90229330716938,1.75128605882249,1.6868607423842,1.08942156742684
"450","फ्रेशर",2.31652621761329,2.42517205244971,3.42637944556133,2.3708491350315,1.78399014547955
"451","पैदवार",1.10345139230444,1.90229330716938,1.53977814254435,1.50287234973691,0.90258717428074
"452","शाक",2.37451816459097,2.6012633115054,2.61324490506755,2.48789073804818,1.90284219129522
"453","निश्चल",2.91636474894729,2.53911540475655,3.03086505340084,2.72774007685192,2.14640160837103
"454","दफाओं",1.10345139230444,1.7262020481137,1.65175190198829,1.41482672020907,0.813179622394926
"455","छलांग",3.59667701381487,3.39829990604941,3.91149777254508,3.49748845993214,2.92805674410385
"456","ब्लू",4.17188464481884,3.58353454454496,3.83841720698407,3.8777095946819,3.31415927997671
"457","हरिद्वार",4.17311948921603,3.95021685948656,4.73632817992262,4.0616681743513,3.50096339898675
"458","सतगावां",1.32530014192079,1.7262020481137,3.19544377093011,1.52575109501724,0.925819816453936
"459","इंस्पेक्टर",4.19873700514283,3.76956432613482,4.93819476196789,3.98415066563883,3.42224682078252
"460","कैमला",1.52942012457672,1.90229330716938,2.42215756777212,1.71585671587305,1.11886606135671
"461","निधि",4.34007261599386,3.9123104279269,4.55631992040763,4.12619152196038,3.56648481759823
"462","बसाव",1.7055113836324,1.90229330716938,1.87360065160464,1.80390234540089,1.20827361324252
"463","पीएचसी",2.94647642369583,2.02723204377768,4.51504771926917,2.48685423373675,1.90178965395179
"464","चकराता",1.5805726470241,1.90229330716938,3.87659091351995,1.74143297709674,1.14483794564744
"465","मिसाली",0.927360133248754,1.7262020481137,1.76162689216071,1.32678109068122,0.723772070509113
"466","मलिंगा",2.5805726470241,2.02723204377768,2.22137405081095,2.30390234540089,1.71600779814912
"467","चाको",2.55060942364665,1.7262020481137,2.38365796441929,2.13840573588018,1.54795122586951
"468","नूरपूर",1.77245817326301,1.7262020481137,2.07524601513271,1.74933011068835,1.15285723502192
"469","दवायें",2.10345139230443,2.32826203944166,2.77619684152019,2.21585671587305,1.62660024626331
"470","जलवाया",2.60405374287362,2.37941456188904,2.56540523155299,2.49173415238133,1.90674505698262
"471","रौ",2.47142817759903,2.70392565340254,2.74015648805869,2.58767691550079,2.00417189824291
"472","एनजीओ",3.35305734661134,3.25124685515054,4.16531250684501,3.30215210088094,2.72969885001288
"473","इकतीस",1.40448138796842,2.20332330283336,2.17265208128654,1.80390234540089,1.20827361324252
"474","समाप्त",4.82800031723135,4.77677512486884,5.091278369955,4.8023877210501,4.25314066956176
"475","संबद्ध",2.77245817326301,2.53911540475655,4.18361771837186,2.65578678900978,2.07333532046327
"476","नसीन",1.22839012891273,1.90229330716938,2.08018123280822,1.56534171804106,0.966022841875816
"477","सद्पयोग",1.32530014192079,1.7262020481137,2.08018123280822,1.52575109501724,0.925819816453936
"478","निकलना",4.00942706753387,4.07645006644786,4.2362030617101,4.04293856699086,3.48194407513321
"479","आनर",1.52942012457672,2.42517205244971,3.34422493594254,1.97729608851322,1.3843494748966
"480","जूलाई",2.04130348555559,1.90229330716938,1.99952530119459,1.97179839636248,1.37876674241057
"481","भ्रमवश",1.85677905896305,1.7262020481137,1.70143968617739,1.79149055353837,1.19566983119343
"482","वाजिद",3.13821349856365,2.12414205678573,3.43826671585673,2.63117777767469,2.04834564784011
"483","गौर",4.40498776953213,4.3116627776222,4.49993168523481,4.35832527357716,3.80220929993115
"484","आरोग्यम",1.9050837385376,2.02723204377768,2.06773641335397,1.96615789115764,1.37303898778528
"485","डलवाए",2.23911399430451,2.32826203944166,2.68101266749822,2.28368801687308,1.69548078691212
"486","पिंकी",3.92779421072807,3.90517899540686,4.17567564391568,3.91648660306747,3.35353610546824
"487","ट्रांसफॉर्मर",2.30757137496036,1.90229330716938,3.332032462286,2.10493234106487,1.5139600522043
"488","तृणमूल",3.98178165771129,3.70392565340254,4.17528160089822,3.84285365555692,3.27876417629516
"489","संकेत",4.2954609849581,4.07157577867278,4.28754018179506,4.18351838181544,3.62469843052177
"490","बदौलत",3.81102156840237,3.88906504143562,4.12085954423588,3.850043304919,3.2860650378124
"491","ताराचन्द",1.40448138796842,1.7262020481137,2.34409132742529,1.56534171804106,0.966022841875816
"492","फफक",2.75343493594958,2.8565358166087,3.31336383727445,2.80498537627914,2.22484176665612
"493","कंट्री",3.17778013555765,3.88906504143562,3.50789467514582,3.53342258849663,2.96454671505789
"494","तत्कालिक",2.40448138796842,2.37941456188904,2.83695912203742,2.39194797492873,1.80541535003493
"495","आयोजक",3.05121177421584,3.14117539608451,4.24097351707115,3.09619358515018,2.52055449179461
"496","गजा",1.98805797360237,2.53911540475655,2.63974299451527,2.26358668917946,1.675068524448
"497","नजारों",2.20611373420158,2.20332330283336,2.49307344445029,2.20471851851747,1.61528975915198
"498","पोखरा",3.09319775793888,2.20332330283336,3.81529273918421,2.64826053038612,2.06569264288791
"499","मशाला",1.94854943231869,2.50435329849734,2.52151682557004,2.22645136540802,1.63735877775532
"500","चढ़ानी",1.8304501202407,1.90229330716938,1.91856779712117,1.86637171370504,1.27170928083759
"501","मागे",3.77059291134676,3.35967050369328,3.61718167640082,3.56513170752002,2.99674632246079
"502","कवायद",3.203821937422,3.1064132898253,4.53097814935831,3.15511761362365,2.5803899789314
"503","रेसिडेंशियल",1.62633013758477,1.7262020481137,1.93257851156398,1.67626609284923,1.07866303593483
"504","पूना",3.16665961237565,3.09726991038543,3.17758169700551,3.13196476138054,2.55687898980756
"505","विनित",2.11769183141905,1.7262020481137,3.16505023344077,1.92194693976637,1.3281441650481
"506","उतारी",3.42081818424394,3.55550582094472,3.72083669183164,3.48816200259433,2.91858602167489
"507","जोगेश्वर",1.62633013758477,1.7262020481137,2.46466525863114,1.67626609284923,1.07866303593483
"508","आग्नेय",1.9050837385376,2.37941456188904,2.41653919081395,2.14224915021332,1.55185409155691
"509","अरुणा",2.67940858106819,2.50435329849734,3.66548260573698,2.59188093978277,2.00844095192718
"510","वूमन",1.80242139664045,1.90229330716938,2.75855041307207,1.85235735190492,1.25747813970645
"511","फर्रूखाबाद",2.47142817759903,2.32826203944166,3.04011149683247,2.39984510852034,1.81343463940941
"512","पुरानी",4.93002286477989,4.7165409029013,4.88677123130398,4.82328188384059,4.27435803098923
"513","दरगाह",4.20850717527318,3.91793244147655,4.18775526217855,4.06321980837487,3.50253903425921
"514","भुनाई",0.927360133248754,1.7262020481137,1.32356966028069,1.32678109068122,0.723772070509113
"515","प्रकट",4.7639374080894,4.25189457261871,4.56903456581147,4.50791599035405,3.95411394123577
"516","झंझट",3.14615813136049,3.39365500100365,3.35686367880419,3.26990656618207,2.69695452945846
"517","केद्रीय",2.11769183141905,1.90229330716938,2.2699585292668,2.00999256929421,1.41755171693391
"518","हरितक्रांति",1.52942012457672,1.7262020481137,2.05751724817228,1.62781108634521,1.02945850947089
"519","कीकी",1.32530014192079,1.7262020481137,1.44499182316615,1.52575109501724,0.925819816453936
"520","नगारा",1.47142817759903,1.7262020481137,1.70143968617739,1.59881511285636,1.00001401554103
"521","कुलदीप",4.10619325060787,3.92348260623931,4.94779851009929,4.01483792842359,3.45340876549659
"522","पांडियन",1.92736013324875,1.90229330716938,2.91499333676287,1.91482672020907,1.32091380730153
"523","डलमऊ",2.02427014625681,2.42517205244971,3.36775524562308,2.22472109935326,1.63560174730536
"524","छट्ठी",1.80242139664045,2.02723204377768,1.83652934022906,1.91482672020907,1.32091380730153
"525","पर्याप्त",4.19768953033861,3.88153808557876,4.69880245285265,4.03961380795868,3.47856788749878
"526","खुसरो",2.54540822996085,2.8565358166087,2.82032080671477,2.70097202328477,2.11921949665213
"527","युनिफार्म",0.927360133248754,1.7262020481137,1.30932922116608,1.32678109068122,0.723772070509113
"528","व्यापक",4.05929942845918,3.67314531881152,4.56340980356666,3.86622237363535,3.30249437034689
"529","कलाकृतियां",2.43924349422763,1.90229330716938,3.04118648372267,2.1707684006985,1.58081448835539
"530","हलख",1.22839012891273,1.7262020481137,1.42327257347292,1.47729608851322,0.876615289990002
"531","निर्दलीय",3.43588985222004,3.42080724704726,4.15942381555278,3.42834854963365,2.85784735210401
"532","नैनो",3.3226865263181,3.09726991038543,3.43034161225965,3.20997821835177,2.63609918778163
"533","रानो",1.9050837385376,1.90229330716938,2.51794970504868,1.90368852285349,1.3096033201902
"534","गोरखपुरिया",1.7055113836324,1.90229330716938,2.06265688782469,1.80390234540089,1.20827361324252
"535","बंगाला",1.7055113836324,2.27027009246397,1.90039382819258,1.98789073804818,1.39510800638862
"536","जमानत",4.68891212181294,4.31670951012228,4.74061791559359,4.50281081596761,3.94892979812395
"537","हनी",3.12738939980252,3.49335791419588,3.77137764607159,3.3103736569992,2.73804758020162
"538","सुपरविजन",1.9050837385376,1.90229330716938,2.82076692332503,1.90368852285349,1.3096033201902
"539","मेहनताना",2.84117398563247,2.7262020481137,3.36406991554223,2.78368801687308,2.20321497181873
"540","दुगोला",0.927360133248754,1.7262020481137,1.87360065160464,1.32678109068122,0.723772070509113
"541","कॉपियों",2.04130348555559,1.7262020481137,3.32664086517282,1.88375276683464,1.28935919052475
"542","रैंकों",1.47142817759903,1.90229330716938,1.76670641768998,1.6868607423842,1.08942156742684
"543","जसराना",2.22839012891273,1.90229330716938,3.48173753239424,2.06534171804106,1.47375702678242
"544","शस्त्रधारी",1.667722822743,2.02723204377768,2.16866770029495,1.84747743326034,1.25252273667562
"545","कृणाल",1.32530014192079,2.02723204377768,1.66471687915265,1.67626609284923,1.07866303593483
"546","असानी",1.77245817326301,2.82311206112175,2.38609099309029,2.29778511719238,1.70979594639245
"547","मनोहरी",1.32530014192079,1.7262020481137,2.32913761451963,1.52575109501724,0.925819816453936
"548","अमरिन्दर",2.18263263835206,2.02723204377768,2.49684994200254,2.10493234106487,1.5139600522043
"549","मार्ग",4.78203046514409,4.70117404241176,5.54250307654702,4.74160225377793,4.19141495020255
"550","बंधता",1.9050837385376,2.02723204377768,1.96892853360282,1.96615789115764,1.37303898778528
"551","कथावाचन",2.04130348555559,2.53911540475655,2.31508155005517,2.29020944515607,1.7021030910595
"552","अप्रशिक्षित",2.6637566355254,1.90229330716938,3.41027385028251,2.28302497134739,1.69480748515303
"553","बारीकियों",2.22839012891273,2.90229330716938,3.46809365172769,2.56534171804106,1.98149121168902
"554","पीओजेके",1.40448138796842,1.7262020481137,1.49496579812799,1.56534171804106,0.966022841875816
"555","अदा",4.33906399665472,4.29499026042904,4.61529647920171,4.31702712854188,3.76027233991587
"556","एसिया",2.29842799552049,2.53911540475655,2.50059388313642,2.41877170013852,1.83265399454604
"557","बोमन",1.667722822743,1.7262020481137,2.05751724817228,1.69696243542835,1.09967951719473
"558","जुत्ती",2.05769390174376,1.7262020481137,1.80993157173526,1.89194797492873,1.29768116512833
"559","अवार्डी",2.19453186165177,2.20332330283336,3.37751508291224,2.19892758224256,1.60940924653321
"560","टेम्पु",1.8304501202407,2.02723204377768,2.08506099742631,1.92884108200919,1.33514494843267
"561","पंजीरी",2.36669282707902,2.57130008812795,2.94748555784232,2.46899645760348,1.88365564713325
"562","दहे",1.77245817326301,1.90229330716938,1.78159797309133,1.83737574021619,1.24226478690773
"563","रोधक",2.07348816892699,2.02723204377768,2.57650094956909,2.05036010635233,1.4585436739837
"564","नेसा",0.927360133248754,1.90229330716938,1.64512132308927,1.41482672020907,0.813179622394926
"565","हलवाई",3.31563899670839,2.99337377651671,3.6551602069939,3.15450638661255,2.57976929723485
"566","किराने",3.06880990664922,2.78689988846731,3.26948276385654,2.92785489755826,2.34961187912916
"567","तट",3.85907220030551,3.32826203944166,4.23025219328843,3.59366711987358,3.0257231311254
"568","जैकपॉट",1.47142817759903,2.27027009246397,1.89666595567334,1.8708491350315,1.27625596057295
"569","फुलपैंट",0.927360133248754,2.12414205678573,1.76162689216071,1.52575109501724,0.925819816453935
"570","देवी",5.01793558847096,4.92909885664322,5.81105152051138,4.97351722255709,4.42691726548401
"571","मकरासन",1.9050837385376,2.46656473760794,2.19956388747244,2.18582423807277,1.59610321499001
"572","लखवी",2.35872389740774,2.12414205678573,2.69612534340428,2.24143297709674,1.65257213055404
"573","परंपराएं",2.63916736228994,2.6012633115054,2.82343404213891,2.62021533689767,2.0372136359751
"574","अरेंजमेंट",1.98805797360237,2.12414205678573,2.24382767240965,2.05610001519405,1.46437236985807
"575","सचेत",3.76934493783887,3.68044455755302,4.03431467783665,3.72489474769594,3.15898063642463
"576","शीशी",3.11205156406635,2.88757005034867,3.38475451440208,2.99981080720751,2.42268082939911
"577","बावरिया",1.7055113836324,2.02723204377768,2.95212337670441,1.86637171370504,1.27170928083759
"578","आधार",5.04313700940772,4.95856276046727,5.40131958133393,5.00084988493749,4.45467271959409
"579","ढली",2.19453186165177,1.90229330716938,3.02309968336859,2.04841258441057,1.45656602705232
"580","बंदोबस्ती",1.74027348989161,1.7262020481137,3.71914967242983,1.73323776900265,1.13651597104386
"581","फादर",3.42081818424394,3.80718909502458,4.14162519222456,3.61400363963426,3.04637422369446
"582","माइनर्स",0.927360133248754,1.7262020481137,1.53977814254435,1.32678109068122,0.723772070509113
"583","भट्टों",1.8304501202407,2.02723204377768,2.80901630378448,1.92884108200919,1.33514494843267
"584","सांडों",2.20611373420158,2.80538329416132,2.85256924909412,2.50574851418145,1.92097619811376
"585","उपजातियों",1.5805726470241,1.90229330716938,2.47268940341684,1.74143297709674,1.14483794564744
"586","नासीर",1.40448138796842,1.90229330716938,2.58960399523944,1.6533873475689,1.05543039376163
"587","खिसक",3.41520525336019,3.46656473760794,3.8697141441381,3.44088499548406,2.87057771633498
"588","अद्धे",1.32530014192079,2.62929203510564,1.88528640992984,1.97729608851322,1.3843494748966
"589","कौनी",1.74027348989161,1.7262020481137,1.96254173494142,1.73323776900265,1.13651597104386
"590","विनयशील",1.62633013758477,1.7262020481137,1.80069091500035,1.67626609284923,1.07866303593483
"591","भिक्षुणी",1.74027348989161,2.02723204377768,1.94615131875325,1.88375276683464,1.28935919052475
"592","जनवादी",2.61755621327727,2.20332330283336,3.53952260003512,2.41043975805531,1.82419317090143
"593","झांककर",2.55060942364665,2.53911540475655,2.82564419694403,2.5448624142016,1.96069512640426
"594","प्रासाद",1.88160264268808,2.02723204377768,1.8814259891166,1.95441734323288,1.36111683272341
"595","शेल",2.51282086275725,2.20332330283336,2.68407756717618,2.35807208279531,1.77101545307424
"596","सर्राफा",2.73013385854073,1.7262020481137,4.07465000248395,2.22816795332721,1.63910191849127
"597","जोर्ज",1.80242139664045,2.02723204377768,2.16058756988515,1.91482672020907,1.32091380730153
"598","बसपाइयों",2.02427014625681,1.7262020481137,3.03687047819464,1.87523609718525,1.28071078187965
"599","माझी",3.94585258665023,3.02723204377768,3.93887472841633,3.48654231521395,2.91694128037113
"600","संगीतज्ञ",2.36669282707902,1.7262020481137,2.7170033303954,2.04644743759636,1.45457048262044
