"","word","twitter_zipf","youtube_zipf","wordlex_blog_zipf","twitter_youtube_zipf_avg","lm_preds_blog_YT"
"1","शिवहर",2.80242139664045,2.02723204377768,2.77786781374188,2.41482672020907,3.00897323942869
"2","चेरी",2.40448138796842,2.53911540475655,3.49802711714783,2.47179839636248,3.04137559322185
"3","माध्यमं",1.7055113836324,1.7262020481137,2.65292907713358,1.71585671587305,2.61143757082185
"4","असामाजिकता",1.32530014192079,1.90229330716938,2.77786781374188,1.61379672454508,2.55339146492478
"5","साप",3.23805344559211,3.83000576906965,3.51823050323612,3.53402960733088,3.64551424301773
"6","भूटान",3.75083436241905,3.55227685081452,3.37992780506984,3.65155560661679,3.71235656302428
"7","अपनाते",3.39938483094904,3.55227685081452,3.78859167913365,3.47583084088178,3.61241398780089
"8","कोलाबा",1.8304501202407,1.90229330716938,3.13005033185324,1.86637171370504,2.69704221755535
"9","सिंधुर",1.47142817759903,1.7262020481137,2.87477782674993,1.59881511285636,2.54487074875307
"10","बोगियों",2.05769390174376,2.20332330283336,2.77786781374188,2.13050860228856,2.84726874223509
"11","गान्धीवादी",0.927360133248754,1.7262020481137,2.47683781807789,1.32678109068122,2.39015276912827
"12","पिक्चर",3.84800513465554,4.13782175407693,4.07889780940586,3.99291344436623,3.90650211350869
"13","कुचाग्र",1.47142817759903,1.90229330716938,2.47683781807789,1.6868607423842,2.59494625697965
"14","नाबूत",1.7055113836324,2.37941456188904,2.47683781807789,2.04246297276072,2.79719323400851
"15","मिलावटी",2.91636474894729,3.49705405975584,3.43108032751722,3.20670940435157,3.45935252658825
"16","विवेकहीनता",1.52942012457672,2.20332330283336,2.65292907713358,1.86637171370504,2.69704221755535
"17","उंको",0.927360133248754,2.27027009246397,2.47683781807789,1.59881511285636,2.54487074875307
"18","वोल्टेज",2.88640152556985,2.6012633115054,2.95395907279756,2.74383241853762,3.19609357284665
"19","टाँक",2.02427014625681,1.90229330716938,2.77786781374188,1.96328172671309,2.7521592992282
"20","खीचती",1.32530014192079,1.90229330716938,2.47683781807789,1.61379672454508,2.55339146492478
"21","लड़",4.93527852389435,4.60787195578576,4.36049925323151,4.77157523984005,4.3493620868438
"22","मधेपुरा",3.34648944099073,2.80538329416132,3.02090586242817,3.07593636757602,3.38497602074707
"23","सेवाऔर",1.10345139230444,1.7262020481137,2.47683781807789,1.41482672020907,2.44022827735485
"24","लगवाए",3.59387811380363,3.54244334810548,3.25498906846154,3.56816073095456,3.66492614762861
"25","सीटें",4.30210847925886,4.08887297783936,4.14893567601361,4.19549072854911,4.02171692331831
"26","टाना",1.96875281840698,1.90229330716938,3.07889780940586,1.93552306278818,2.736371698967
"27","जितवाया",2.18263263835206,2.7262020481137,2.65292907713358,2.45441734323288,3.03149020681885
"28","लाईटें",1.667722822743,1.7262020481137,2.77786781374188,1.69696243542835,2.60069154400692
"29","करवातें",1.47142817759903,1.90229330716938,2.47683781807789,1.6868607423842,2.59494625697965
"30","लादना",1.5805726470241,2.32826203944166,3.02090586242817,1.95441734323288,2.74711772578193
"31","लार्वा",1.98805797360237,1.7262020481137,2.47683781807789,1.85713001085803,2.69178604562013
"32","चण्डीगढ़",2.57572014422969,2.02723204377768,2.65292907713358,2.30147609400368,2.94450564182647
"33","बुलंद",4.73779428917143,4.37504975648659,4.13959564975947,4.55642202282901,4.22699477859479
"34","करोङों",2.22839012891273,2.37941456188904,2.47683781807789,2.30390234540089,2.94588556008535
"35","रिकी",2.28908796926635,2.02723204377768,3.02090586242817,2.15816000652201,2.86299533908713
"36","बैरिकेट्स",1.74027348989161,1.90229330716938,2.47683781807789,1.82128339853049,2.67139846545143
"37","१८",3.82250632262475,3.73266809036293,4.18440799417583,3.77758720649384,3.78403640051646
"38","साधनारत",2.08872813548373,1.7262020481137,2.87477782674993,1.90746509179871,2.72041386932073
"39","गन्जा",1.10345139230444,1.7262020481137,2.47683781807789,1.41482672020907,2.44022827735485
"40","टुच्ची",2.89817174412127,2.90229330716938,3.17580782241391,2.90023252564532,3.28504534583196
"41","परतिशत",1.10345139230444,2.12414205678573,2.65292907713358,1.61379672454508,2.55339146492478
"42","मुकेशजी",1.5805726470241,2.78689988846731,3.07889780940586,2.1837362677457,2.87754170880679
"43","त्राहिमाम्",2.29842799552049,1.90229330716938,2.47683781807789,2.10036065134493,2.83012224701905
"44","वज़नी",1.52942012457672,1.7262020481137,2.77786781374188,1.62781108634521,2.56136206259527
"45","मक्षिका",1.32530014192079,1.90229330716938,2.77786781374188,1.61379672454508,2.55339146492478
"46","वजनदार",2.56082858882834,2.53911540475655,3.17580782241391,2.54997199679245,3.08583643463357
"47","अपेक्षाए",1.62633013758477,1.7262020481137,2.65292907713358,1.67626609284923,2.5889206034317
"48","खानेवाले",2.43251011156866,3.0586405080293,3.21720050757214,2.74557530979898,3.19708483347099
"49","द्वेषभाव",1.5805726470241,1.90229330716938,2.47683781807789,1.74143297709674,2.62598394054151
"50","सारो",2.94439347254753,2.70392565340254,2.77786781374188,2.82415956297504,3.24177923156321
"51","राजकुमार",3.88568506489281,3.6828506273189,4.13005033185324,3.78426784610585,3.78783598063922
"52","शती",2.04130348555559,2.37941456188904,3.28975117472075,2.21035902372231,2.89268326714501
"53","खरीदने",4.48834218883499,4.512598509486,4.49177816787083,4.50047034916049,4.19517254607622
"54","वेगा",1.47142817759903,1.7262020481137,2.47683781807789,1.59881511285636,2.54487074875307
"55","पिसी",2.04130348555559,2.6012633115054,3.25498906846154,2.32128339853049,2.95577094648835
"56","पोहच",2.4524049402856,2.74739134718363,2.77786781374188,2.59989814373462,3.11423167918269
"57","शर्मदार",1.667722822743,2.27027009246397,2.47683781807789,1.96899645760348,2.75540952363171
"58","आतुर",3.56334624504959,3.47825049593313,4.11532707503253,3.52079837049136,3.63798904372324
"59","श्रध्दालु",1.47142817759903,1.7262020481137,2.47683781807789,1.59881511285636,2.54487074875307
"60","धोऊंगी",1.10345139230444,1.90229330716938,2.47683781807789,1.50287234973691,2.49030378558143
"61","पेमा",1.9050837385376,1.7262020481137,2.77786781374188,1.81564289332565,2.66819045653263
"62","फिरों",1.22839012891273,1.7262020481137,2.47683781807789,1.47729608851322,2.47575741586178
"63","जोड़कर",4.54136042784393,4.31782308632701,4.05086908580561,4.42959175708547,4.15486070391467
"64","ईपीएफओ",2.56082858882834,1.7262020481137,2.77786781374188,2.14351531847102,2.85466624653699
"65","सखियां",1.96875281840698,1.7262020481137,2.65292907713358,1.84747743326034,2.68629619074042
"66","घटनाक्रम",3.68209060227251,3.54244334810548,4.03913068253437,3.61226697518899,3.69001135183294
"67","तबदील",2.30757137496036,2.68044455755302,3.40625674379219,2.49400796625669,3.05400717420901
"68","साम्राज्यों",1.9050837385376,1.7262020481137,2.77786781374188,1.81564289332565,2.66819045653263
"69","महादलितो",0.927360133248754,1.7262020481137,2.47683781807789,1.32678109068122,2.39015276912827
"70","शहज़ादे",0.927360133248754,1.7262020481137,2.47683781807789,1.32678109068122,2.39015276912827
"71","पहुँचाते",3.02945065876059,2.84014540042053,3.13005033185324,2.93479802959056,3.30470430206236
"72","तित्",1.5805726470241,1.90229330716938,3.07889780940586,1.74143297709674,2.62598394054151
"73","कफनचोर",1.667722822743,2.37941456188904,2.77786781374188,2.02356869231602,2.78644720719358
"74","भाऊंचा",1.80242139664045,1.7262020481137,2.47683781807789,1.76431172237707,2.63899611165827
"75","फिलिपीन",0.927360133248754,1.7262020481137,2.77786781374188,1.32678109068122,2.39015276912827
"76","संजीदगी",2.83851774198873,2.9436859923276,3.6071715865729,2.89110186715817,3.27985232981697
"77","आईबी",2.99739799985651,2.981474553217,3.13005033185324,2.98943627653676,3.33577952974955
"78","शनिबार",3.04130348555559,2.20332330283336,2.77786781374188,2.62231339419447,3.12698023995535
"79","स्टिफनेस",0.927360133248754,1.7262020481137,2.65292907713358,1.32678109068122,2.39015276912827
"80","योषा",0.927360133248754,1.7262020481137,2.47683781807789,1.32678109068122,2.39015276912827
"81","निम्न",4.06137777892474,4.00609702812533,4.40625674379219,4.03373740352504,3.92972053461217
"82","प्रेमियों",3.61085745092856,3.54574598365556,4.10522674812821,3.57830171729206,3.67069378251853
"83","कागजात",3.60587851228887,3.2245126019033,3.45456142336674,3.41519555709608,3.57792797562385
"84","शिवमंगल",2.19453186165177,2.02723204377768,2.77786781374188,2.11088195271472,2.83610618416758
"85","चालढाल",1.10345139230444,1.7262020481137,2.65292907713358,1.41482672020907,2.44022827735485
"86","महोबा",3.63108129317577,2.53911540475655,3.57374783108595,3.08509834896616,3.39018685150532
"87","निकालात",2.15780905462703,1.90229330716938,2.95395907279756,2.0300511808982,2.7901340899164
"88","बैरोमीटर",1.10345139230444,1.7262020481137,2.65292907713358,1.41482672020907,2.44022827735485
"89","अदाए",1.85677905896305,1.90229330716938,2.65292907713358,1.87953618306621,2.7045294431829
"90","फोटोकॉपी",2.35060600718556,2.37941456188904,2.65292907713358,2.3650102845373,2.9806403926119
"91","सनग्लासेस",1.10345139230444,1.7262020481137,2.47683781807789,1.41482672020907,2.44022827735485
"92","चन्द्र",4.03389098707114,4.12240139520943,4.24399368416007,4.07814619114028,3.95497780884015
"93","अफीमचियों",1.10345139230444,1.7262020481137,2.47683781807789,1.41482672020907,2.44022827735485
"94","जिसु",1.7055113836324,2.12414205678573,2.47683781807789,1.91482672020907,2.72460075839177
"95","आत्मदाह",3.71588202047123,2.90229330716938,3.13005033185324,3.3090876638203,3.51757964588698
"96","शिशोदिया",1.88160264268808,1.90229330716938,2.47683781807789,1.89194797492873,2.71158858727501
"97","वर्णवादी",1.7055113836324,1.7262020481137,2.65292907713358,1.71585671587305,2.61143757082185
"98","गाडीवाला",1.10345139230444,1.7262020481137,2.47683781807789,1.41482672020907,2.44022827735485
"99","दीव",2.65163600284954,2.02723204377768,3.32193585809215,2.33943402331361,2.96609402289224
"100","मूर्त्ति",1.47142817759903,2.12414205678573,2.47683781807789,1.79778511719238,2.65803393632299
"101","शहनाइयों",1.10345139230444,1.7262020481137,2.65292907713358,1.41482672020907,2.44022827735485
"102","त्वारित",0.927360133248754,1.90229330716938,2.47683781807789,1.41482672020907,2.44022827735485
"103","खार",2.96478663118938,2.7262020481137,3.6071715865729,2.84549433965154,3.25391327831493
"104","उकसाए",2.18263263835206,2.27027009246397,2.77786781374188,2.22645136540802,2.90183570540673
"105","हरीतकी",1.32530014192079,1.90229330716938,2.95395907279756,1.61379672454508,2.55339146492478
"106","पुरारी",2.48366263401604,1.90229330716938,3.13005033185324,2.19297797059271,2.88279788074201
"107","जरीन",1.85677905896305,2.12414205678573,3.07889780940586,1.99046055787439,2.76761712252624
"108","हस्ताक्षरों",1.85677905896305,1.90229330716938,3.02090586242817,1.87953618306621,2.7045294431829
"109","छिपकर",3.27175240693386,3.15756581227268,3.55601906412552,3.21465910960327,3.46387388140013
"110","गाके",2.33390031368271,1.90229330716938,2.47683781807789,2.11809681042604,2.84020959814298
"111","फिशर",1.80242139664045,2.68044455755302,3.02090586242817,2.24143297709674,2.91035642157843
"112","लोहरदगा",3.0479340644546,2.12414205678573,2.95395907279756,2.58603806062017,3.10634882673742
"113","सोनू",4.55029910246024,4.77638839778906,3.84790568034963,4.66334375012465,4.28780597233042
"114","३५०",2.47142817759903,2.62929203510564,3.21720050757214,2.55036010635233,3.08605716999049
"115","लीजिये",4.34978580961996,4.54409780527549,4.52799034052528,4.44694180744773,4.16472845764993
"116","चीफ़",3.59340987172927,2.88757005034867,3.02090586242817,3.24048996103897,3.47856504802026
"117","बेजुबा",2.13148011590468,2.12414205678573,2.47683781807789,2.12781108634521,2.84573454363219
"118","देवियों",3.10920372119353,2.8565358166087,3.28975117472075,2.98286976890111,3.33204486161336
"119","कॉलिंग",3.07193434085837,3.01623665947621,2.95395907279756,3.04408550016729,3.36686100037067
"120","तुफां",1.98805797360237,2.27027009246397,2.47683781807789,2.12916403303317,2.84650402524493
"121","कोनें",1.10345139230444,1.7262020481137,2.87477782674993,1.41482672020907,2.44022827735485
"122","नादारी",1.47142817759903,1.7262020481137,2.65292907713358,1.59881511285636,2.54487074875307
"123","बेफ़िक्री",2.29842799552049,1.7262020481137,2.77786781374188,2.01231502181709,2.78004673879248
"124","निग्रह",1.94854943231869,2.02723204377768,2.95395907279756,1.98789073804818,2.76615555044665
"125","पाठन",2.89350186598779,3.1494479220505,2.95395907279756,3.02147489401914,3.35400133203447
"126","मुद्द्यावरून",2.22839012891273,1.7262020481137,2.87477782674993,1.97729608851322,2.76012989689869
"127","रोयल",1.88160264268808,2.12414205678573,2.47683781807789,2.00287234973691,2.77467626661835
"128","प्लेटफॉर्मों",1.74027348989161,1.90229330716938,2.47683781807789,1.82128339853049,2.67139846545143
"129","श्रि",2.04130348555559,2.82311206112175,2.77786781374188,2.43220777333867,3.0188586258317
"130","अफगाण",1.22839012891273,2.53911540475655,3.17580782241391,1.88375276683464,2.70692760395835
"131","उत्तराँचल",1.52942012457672,1.7262020481137,2.77786781374188,1.62781108634521,2.56136206259527
"132","समझाएँगे",2.52395722887521,1.7262020481137,2.47683781807789,2.12507963849446,2.84418104642791
"133","तरंगें",2.42567068703835,2.12414205678573,3.32193585809215,2.27490637191204,2.92939424624315
"134","स्वास",2.97268311203541,3.27643040116879,3.32193585809215,3.1245567566021,3.41262862205972
"135","विकी",2.58537152990587,2.7262020481137,3.07889780940586,2.65578678900978,3.14601806462007
"136","बंदूकों",3.02600385906581,2.62929203510564,3.43108032751722,2.82764794708572,3.24376323245194
"137","लीविंग",2.31652621761329,1.7262020481137,2.95395907279756,2.02136413286349,2.78519337511136
"138","प्रेरणाओं",2.24957942798267,1.7262020481137,2.77786781374188,1.98789073804818,2.76615555044665
"139","दस्तावेज़ों",2.51282086275725,1.7262020481137,3.17580782241391,2.11951145543548,2.84101417036521
"140","परिमाणों",0.927360133248754,1.7262020481137,2.47683781807789,1.32678109068122,2.39015276912827
"141","काँपे",2.71623524902417,1.7262020481137,2.87477782674993,2.22121864856893,2.89885962406654
"142","वॉक",3.27663766071671,3.00495564906652,3.28975117472075,3.14079665489162,3.42186498239647
"143","अंबा",2.57081280973494,2.42517205244971,2.65292907713358,2.49799243109233,3.05627331851084
"144","अदाओं",3.0479340644546,2.80538329416132,3.57374783108595,2.92665867930796,3.30007508759458
"145","सँवार",2.74027348989161,2.37941456188904,3.13005033185324,2.55984402589032,3.09145110144843
"146","अंगुठा",1.8304501202407,2.53911540475655,2.47683781807789,2.18478276249862,2.87813689742535
"147","फ़ौलाद",2.13148011590468,1.90229330716938,2.47683781807789,2.01688671153703,2.78264686428885
"148","लाज़िमी",2.55574906329907,2.12414205678573,2.65292907713358,2.3399455600424,2.96638495682966
"149","नुस्ख़ा",2.24957942798267,1.7262020481137,2.47683781807789,1.98789073804818,2.76615555044665
"150","चेताते",1.92736013324875,1.90229330716938,2.87477782674993,1.91482672020907,2.72460075839177
"151","मसि",3.04130348555559,2.20332330283336,3.17580782241391,2.62231339419447,3.12698023995535
"152","ठगि",1.92736013324875,1.90229330716938,2.47683781807789,1.91482672020907,2.72460075839177
"153","भलिभाँति",0.927360133248754,1.7262020481137,2.47683781807789,1.32678109068122,2.39015276912827
"154","लज्जित",3.20725511326039,3.21756374194797,3.66716951624819,3.21240942760418,3.46259438609688
"155","बोस्टन",2.84117398563247,1.7262020481137,3.21720050757214,2.28368801687308,2.93438876257346
"156","झुकाओ",2.59945799118447,2.50435329849734,2.95395907279756,2.5519056448409,3.08693618721955
"157","सोंचेंगे",1.22839012891273,1.7262020481137,2.65292907713358,1.47729608851322,2.47575741586178
"158","टाइटेनियम",0.927360133248754,1.7262020481137,2.47683781807789,1.32678109068122,2.39015276912827
"159","बैंग",2.5805726470241,2.76759473327192,2.87477782674993,2.67408369014801,3.156424334964
"160","भावनांशी",2.08872813548373,2.02723204377768,2.65292907713358,2.0579800896307,2.80601851605423
"161","नीतिगत",3.41165997259554,2.74739134718363,3.37992780506984,3.07952565988959,3.38701741266781
"162","सन्तरी",1.96875281840698,2.32826203944166,2.65292907713358,2.14850742892432,2.85750548420742
"163","सन्नव्ययात्मा",1.47142817759903,1.7262020481137,2.47683781807789,1.59881511285636,2.54487074875307
"164","जारो",1.74027348989161,1.7262020481137,2.47683781807789,1.73323776900265,2.62132295722485
"165","रहोगे",4.30748088751719,4.50867467227998,4.04503954214489,4.40807777989859,4.14262473777545
"166","जयपाल",3.09319775793888,2.76759473327192,3.07889780940586,2.9303962456054,3.30220080959666
"167","किमोथेरेपी",1.22839012891273,1.7262020481137,2.47683781807789,1.47729608851322,2.47575741586178
"168","सचित्र",2.84117398563247,2.50435329849734,3.17580782241391,2.6727636420649,3.15567356426704
"169","धृति",2.43251011156866,2.20332330283336,2.77786781374188,2.31791670720101,2.95385615775585
"170","पाठशाला",3.54383564713732,3.39829990604941,3.91617051190816,3.47106777659337,3.60970501898282
"171","यूपीएसी",1.10345139230444,2.12414205678573,2.47683781807789,1.61379672454508,2.55339146492478
"172","छिः",1.85677905896305,2.37941456188904,2.87477782674993,2.11809681042604,2.84020959814298
"173","खानने",2.27954265136012,1.90229330716938,2.47683781807789,2.09091797926475,2.82475177484493
"174","छूपाया",1.7055113836324,2.27027009246397,2.47683781807789,1.98789073804818,2.76615555044665
"175","करबि",1.62633013758477,1.7262020481137,2.95395907279756,1.67626609284923,2.5889206034317
"176","रहनुमाओं",2.78769813981975,2.80538329416132,2.95395907279756,2.79654071699053,3.22607115205123
"177","भटटी",1.10345139230444,1.7262020481137,2.47683781807789,1.41482672020907,2.44022827735485
"178","कुंजबिहारी",2.05769390174376,1.90229330716938,2.47683781807789,1.97999360445657,2.76166409550159
"179","अभागी",3.07811657310906,2.37941456188904,3.55601906412552,2.72876556749905,3.18752437722414
"180","वाहने",2.35872389740774,2.02723204377768,3.28975117472075,2.19297797059271,2.88279788074201
"181","नशे",4.53153216624709,4.28370925001935,4.41385392554271,4.40762070813322,4.1423647805116
"182","जीभ",4.07379826853453,4.06065579926463,4.32193585809215,4.06722703389958,3.94876759316941
"183","पावनखिंड",1.52942012457672,1.7262020481137,2.47683781807789,1.62781108634521,2.56136206259527
"184","गोडशे",1.10345139230444,1.90229330716938,2.65292907713358,1.50287234973691,2.49030378558143
"185","चलें",3.97366015290172,3.86450474627998,4.34016067819835,3.91908244959085,3.86451110718529
"186","ठाकुर",4.6903386241165,4.73330943108775,4.50824628232952,4.71182402760213,4.31537888590567
"187","दूधिया",2.11769183141905,2.27027009246397,3.28975117472075,2.19398096194151,2.88336832701864
"188","माणिक",2.82772726190522,2.37941456188904,3.59078117038473,2.60357091189713,3.11632054757198
"189","देवा",3.89138392608879,3.51507716388911,4.24026581164083,3.70323054498895,3.74174642388892
"190","ठोकिया",1.32530014192079,2.62929203510564,2.47683781807789,1.97729608851322,2.76012989689869
"191","एकलिंग",2.79364747233295,3.58353454454496,3.21720050757214,3.18859100843896,3.4490477801921
"192","शानशौकत",0.927360133248754,1.7262020481137,2.47683781807789,1.32678109068122,2.39015276912827
"193","निजाम",3.22947451020495,3.42517205244971,3.49802711714783,3.32732328132733,3.52795106147441
"194","मोटल",1.10345139230444,1.90229330716938,2.47683781807789,1.50287234973691,2.49030378558143
"195","नामुराद",2.76620922398601,2.82311206112175,3.47683781807789,2.79466064255388,3.22500186918705
"196","होयें",1.10345139230444,2.20332330283336,2.47683781807789,1.6533873475689,2.57590843231493
"197","महतारी",3.05121177421584,2.37941456188904,3.57374783108595,2.71531316805244,3.17987339281108
"198","लड़खड़ाहट",1.40448138796842,1.90229330716938,2.87477782674993,1.6533873475689,2.57590843231493
"199","करीमनगर",2.05769390174376,1.7262020481137,2.47683781807789,1.89194797492873,2.71158858727501
"200","चिराग़ों",2.37451816459097,1.90229330716938,2.65292907713358,2.13840573588018,2.85176019718015
"201","सौतेली",2.9607838887357,3.04842134284761,3.21720050757214,3.00460261579166,3.34440530879388
"202","लगावे",2.56082858882834,2.65562097382799,2.65292907713358,2.60822478132816,3.11896741236503
"203","बतानेवाली",1.40448138796842,2.12414205678573,2.65292907713358,1.76431172237707,2.63899611165827
"204","लॉरी",2.00654137929638,2.02723204377768,2.47683781807789,2.01688671153703,2.78264686428885
"205","स्तम्भो",1.74027348989161,1.90229330716938,2.47683781807789,1.82128339853049,2.67139846545143
"206","आंशिक",3.43857483438514,3.1494479220505,3.79905711281181,3.29401137821782,3.50900508440379
"207","महासागरीय",1.667722822743,1.7262020481137,2.47683781807789,1.69696243542835,2.60069154400692
"208","सिगनेचर",1.32530014192079,2.12414205678573,2.77786781374188,1.72472109935326,2.61647914426812
"209","जीविको",0.927360133248754,1.7262020481137,2.47683781807789,1.32678109068122,2.39015276912827
"210","सोती",3.64252749109721,3.48963004167663,3.91617051190816,3.56607876638692,3.66374204076955
"211","कविसम्मेलन",1.667722822743,1.90229330716938,3.07889780940586,1.78500806495619,2.6507670522335
"212","प्रिक्रिया",2.19453186165177,2.20332330283336,2.47683781807789,2.19892758224256,2.88618169239416
"213","चिरीमिरी",1.32530014192079,1.7262020481137,2.77786781374188,1.52575109501724,2.5033159566982
"214","गान्धीजी",1.32530014192079,1.90229330716938,2.77786781374188,1.61379672454508,2.55339146492478
"215","चढ़ाके",1.10345139230444,1.90229330716938,2.47683781807789,1.50287234973691,2.49030378558143
"216","साहेबा",2.38220499325726,2.32826203944166,2.47683781807789,2.35523351634946,2.97507990495971
"217","चढ़ाएंगे",2.24957942798267,2.32826203944166,2.47683781807789,2.28892073371217,2.93736484391365
"218","उन्हीसे",0.927360133248754,1.90229330716938,2.47683781807789,1.41482672020907,2.44022827735485
"219","मोंक",2.27954265136012,1.7262020481137,2.65292907713358,2.00287234973691,2.77467626661835
"220","कर्ताधर्ता",2.53481515646342,2.6012633115054,2.95395907279756,2.56803923398441,3.09611208476509
"221","बिस्व",2.74360143324054,2.80538329416132,3.66716951624819,2.77449236370093,3.21353126219574
"222","जाऊगी",2.20611373420158,2.02723204377768,2.47683781807789,2.11667288898963,2.83939974999963
"223","दांये",1.77245817326301,2.20332330283336,3.25498906846154,1.98789073804818,2.76615555044665
"224","सुप्रीमो",3.66055739835532,3.01623665947621,3.21720050757214,3.33839702891577,3.53424919962661
"225","दिनबदिन",1.88160264268808,2.02723204377768,2.47683781807789,1.95441734323288,2.74711772578193
"226","भिण्डरावाला",0.927360133248754,1.90229330716938,2.47683781807789,1.41482672020907,2.44022827735485
"227","महेमान",1.8304501202407,2.02723204377768,2.77786781374188,1.92884108200919,2.73257135606227
"228","निर्लज्जा",1.32530014192079,1.90229330716938,2.47683781807789,1.61379672454508,2.55339146492478
"229","मोमोस",2.21739474461127,1.7262020481137,2.47683781807789,1.97179839636248,2.75700311218493
"230","गवाये",2.14484407746266,2.42517205244971,2.65292907713358,2.28500806495619,2.93513953327042
"231","श्रद्धालुओं",3.89114796059431,2.80538329416132,3.37992780506984,3.34826562737781,3.53986191528463
"232","इंजीनियरिंग",4.08947627431112,3.82657259323126,4.07889780940586,3.95802443377119,3.88665916450102
"233","मसली",1.62633013758477,1.7262020481137,2.77786781374188,1.67626609284923,2.5889206034317
"234","विसाल",2.65975389307172,2.57130008812795,3.25498906846154,2.61552699059984,3.1231205071003
"235","आसिक",1.47142817759903,2.02723204377768,2.77786781374188,1.74933011068835,2.63047539548657
"236","मछुआरों",3.1628885801563,2.53911540475655,2.95395907279756,2.85100199245643,3.25704572810057
"237","आधिकारिक",4.03676992379512,3.59835832086199,4.00831673512015,3.81756412232855,3.8067730699967
"238","उत्तराखंड",4.8157643009858,4.36469130506833,3.84790568034963,4.59022780302707,4.24622164577141
"239","आत्मावलोकन",2.04130348555559,2.27027009246397,3.17580782241391,2.15578678900978,2.86164558358315
"240","बिस्मिल",3.60496708596925,3.40289565773856,3.62296585375613,3.5039313718539,3.62839602322288
"241","पढाव",1.667722822743,1.90229330716938,2.47683781807789,1.78500806495619,2.6507670522335
"242","दंड",4.09096869667981,4.30254339831949,4.38799542681787,4.19675604749965,4.02243656709684
"243","मुहल्ला",3.06880990664922,2.78689988846731,3.32193585809215,2.92785489755826,3.30075543069798
"244","सेंसेटिव",1.8304501202407,2.46656473760794,2.47683781807789,2.14850742892432,2.85750548420742
"245","शौर्याला",1.5805726470241,1.90229330716938,2.65292907713358,1.74143297709674,2.62598394054151
"246","खांसता",1.96875281840698,2.02723204377768,2.77786781374188,1.99799243109233,2.77190083747392
"247","टाटास्काई",1.47142817759903,2.02723204377768,2.65292907713358,1.74933011068835,2.63047539548657
"248","दीडपट",1.52942012457672,1.90229330716938,2.77786781374188,1.71585671587305,2.61143757082185
"249","एबीवीपी",3.25979859316436,2.84014540042053,2.87477782674993,3.04997199679245,3.37020891567049
"250","सुषमा",4.26531829692845,4.04112210410612,3.89181116604871,4.15322020051729,3.997675773456
"251","लों",2.82222978999401,2.99337377651671,3.40625674379219,2.90780178325536,3.28935032296431
"252","एंगिल",1.40448138796842,2.02723204377768,2.87477782674993,1.71585671587305,2.61143757082185
"253","साहबा",1.10345139230444,2.12414205678573,2.47683781807789,1.61379672454508,2.55339146492478
"254","कोणाशीही",1.40448138796842,1.7262020481137,2.77786781374188,1.56534171804106,2.52583292408835
"255","व्यसाय",1.7055113836324,2.12414205678573,2.47683781807789,1.91482672020907,2.72460075839177
"256","बार्स",1.10345139230444,2.02723204377768,2.77786781374188,1.56534171804106,2.52583292408835
"257","पलटि",1.62633013758477,2.02723204377768,2.65292907713358,1.82678109068122,2.6745252501652
"258","गतो",1.667722822743,1.7262020481137,2.47683781807789,1.69696243542835,2.60069154400692
"259","भाग्यहीन",1.32530014192079,1.7262020481137,2.87477782674993,1.52575109501724,2.5033159566982
"260","सुधारना",3.16162425762754,3.58952490823415,3.49802711714783,3.37557458293085,3.55539374617492
"261","झांसों",2.37451816459097,2.20332330283336,2.47683781807789,2.28892073371217,2.93736484391365
"262","बोही",1.22839012891273,2.02723204377768,2.87477782674993,1.62781108634521,2.56136206259527
"263","पिसारा",1.80242139664045,1.90229330716938,2.95395907279756,1.85235735190492,2.68907161988485
"264","डुबाएगा",1.22839012891273,1.7262020481137,2.47683781807789,1.47729608851322,2.47575741586178
"265","कोठियां",1.92736013324875,2.20332330283336,2.95395907279756,2.06534171804106,2.81020540512527
"266","तलाशमे",0.927360133248754,1.7262020481137,2.47683781807789,1.32678109068122,2.39015276912827
"267","स्फोट",2.4524049402856,2.20332330283336,3.25498906846154,2.32786412155948,2.95951369955789
"268","गिनेचुने",1.667722822743,2.02723204377768,2.87477782674993,1.84747743326034,2.68629619074042
"269","ग्यान",3.4159108497492,4.13528941756153,4.17580782241391,3.77560013365536,3.7829062628503
"270","पहावे",2.17039818193505,2.12414205678573,3.32193585809215,2.14727011936039,2.85680177062641
"271","पाखण्ड",3.59714174845729,3.65562097382799,3.49802711714783,3.62638136114264,3.69803883773685
"272","रसीद",3.24542346821152,3.36469130506833,3.74400954648091,3.30505738663992,3.51528744604488
"273","लाओगी",1.74027348989161,2.32826203944166,2.47683781807789,2.03426776466663,2.79253225069185
"274","वॉन",2.24957942798267,1.7262020481137,2.77786781374188,1.98789073804818,2.76615555044665
"275","मध्यवर्ती",2.54014398996849,1.90229330716938,3.37992780506984,2.22121864856893,2.89885962406654
"276","खाताधारक",2.67554816025495,1.90229330716938,2.47683781807789,2.28892073371217,2.93736484391365
"277","रॉजर",1.77245817326301,1.7262020481137,2.47683781807789,1.74933011068835,2.63047539548657
"278","बिछाओ",2.41165997259554,2.02723204377768,2.47683781807789,2.21944600818661,2.89785144377952
"279","खीस",1.94854943231869,2.32826203944166,3.07889780940586,2.13840573588017,2.85176019718015
"280","सोहळा",3.21627973891048,1.7262020481137,3.45456142336674,2.47124089351209,3.04105851628435
"281","दिव्य",4.5677918769321,4.22726131033145,4.30614159090892,4.39752659363177,4.1366238037423
"282","तोपें",2.46517922832203,2.37941456188904,3.02090586242817,2.42229689510553,3.01322186376687
"283","होतेही",1.52942012457672,2.32826203944166,2.87477782674993,1.92884108200919,2.73257135606227
"284","पढ़",4.74134120888523,4.8148696006561,4.75329962225114,4.77810540477066,4.3530760852496
"285","प्रवृत्तियां",2.08872813548373,1.90229330716938,3.17580782241391,1.99551072132655,2.77048937754731
"286","बाशिंदा",1.92736013324875,2.20332330283336,3.07889780940586,2.06534171804106,2.81020540512527
"287","साइयाँ",2.5805726470241,1.7262020481137,2.47683781807789,2.1533873475689,2.86028091335185
"288","क्वात्रोची",2.67554816025495,2.46656473760794,2.65292907713358,2.57105644893145,3.09782811056571
"289","राइडर",2.11769183141905,2.02723204377768,2.77786781374188,2.07246193759836,2.81425499412735
"290","रोकि",2.11769183141905,2.20332330283336,2.47683781807789,2.1605075671262,2.86433050235393
"291","काप",2.4524049402856,3.16553474194396,3.07889780940586,2.80896984111478,3.23314015377988
"292","मोइ",2.07348816892699,1.7262020481137,2.47683781807789,1.89984510852034,2.71608004222007
"293","सुजानगढ़",3.57179872271659,1.7262020481137,2.65292907713358,2.64900038541514,3.14215833176502
"294","सिबली",1.62633013758477,1.7262020481137,2.47683781807789,1.67626609284923,2.5889206034317
"295","कंजरवेटिव",1.22839012891273,1.90229330716938,2.65292907713358,1.56534171804106,2.52583292408835
"296","नामपे",1.667722822743,2.57130008812795,2.47683781807789,2.11951145543548,2.84101417036521
"297","लोनार",1.98805797360237,2.02723204377768,2.65292907713358,2.00764500869002,2.77739069235363
"298","सर्जनों",1.32530014192079,1.7262020481137,2.47683781807789,1.52575109501724,2.5033159566982
"299","चाॅकलेट",2.35060600718556,2.46656473760794,2.65292907713358,2.40858537239675,3.00542350430389
"300","मेहनतीने",2.00654137929638,1.7262020481137,2.65292907713358,1.86637171370504,2.69704221755535
"301","ठाडो",2.49556185731575,1.90229330716938,2.65292907713358,2.19892758224256,2.88618169239416
"302","धर्मगुरु",3.76777991098524,3.38421344477081,3.17580782241391,3.57599667787802,3.66938280296441
"303","पटरी",4.15421770353748,3.72402512885942,4.18012919619655,3.93912141619845,3.87590816848853
"304","कोटला",3.12187447513122,2.42517205244971,2.77786781374188,2.77352326379047,3.21298009150392
"305","समृधि",2.34233348121957,2.02723204377768,2.47683781807789,2.18478276249862,2.87813689742535
"306","टिकारी",2.10345139230443,1.90229330716938,2.47683781807789,2.00287234973691,2.77467626661835
"307","सांसदी",2.23911399430451,2.42517205244971,2.47683781807789,2.33214302337711,2.96194730340988
"308","सुजानगंज",1.98805797360237,1.7262020481137,2.47683781807789,1.85713001085803,2.69178604562013
"309","भाटीया",1.667722822743,1.90229330716938,2.65292907713358,1.78500806495619,2.6507670522335
"310","मानिऐ",1.47142817759903,1.90229330716938,2.47683781807789,1.6868607423842,2.59494625697965
"311","सवाईमाधोपुर",2.86687938586737,2.32826203944166,2.77786781374188,2.59757071265451,3.1129079644813
"312","फॉरवार्ड",1.52942012457672,1.7262020481137,2.47683781807789,1.62781108634521,2.56136206259527
"313","वर्षो",4.42924062700381,3.96299114752299,4.12519782905883,4.1961158872634,4.02207247918756
"314","डूबते",3.7345567939597,3.51153188312446,3.88337799851185,3.62304433854208,3.69614092294445
"315","यूजरों",1.22839012891273,1.7262020481137,2.65292907713358,1.47729608851322,2.47575741586178
"316","बापाचा",2.48965299770523,2.02723204377768,2.87477782674993,2.25844252074145,2.92003051383354
"317","हाँकने",2.38220499325726,2.12414205678573,2.77786781374188,2.2531735250215,2.91703379906263
"318","रज़ामंदी",2.00654137929638,2.12414205678573,2.47683781807789,2.06534171804106,2.81020540512527
"319","यायी",0.927360133248754,1.7262020481137,2.47683781807789,1.32678109068122,2.39015276912827
"320","ब्रान",1.9050837385376,1.7262020481137,2.47683781807789,1.81564289332565,2.66819045653263
"321","भाग्यरेखा",1.32530014192079,2.53911540475655,2.47683781807789,1.93220777333867,2.73448614479478
"322","तर्को",2.11769183141905,2.82311206112175,2.65292907713358,2.4704019462704,3.04058136926719
"323","लुच्ची",1.62633013758477,2.20332330283336,2.47683781807789,1.91482672020906,2.72460075839177
"324","आंतराष्ट्रीय",2.00654137929638,2.12414205678573,2.47683781807789,2.06534171804106,2.81020540512527
"325","स्टूडिओ",1.7055113836324,1.7262020481137,2.47683781807789,1.71585671587305,2.61143757082185
"326","टकी",1.8304501202407,2.12414205678573,2.77786781374188,1.97729608851322,2.76012989689869
"327","कारिडोर",1.32530014192079,2.27027009246397,2.47683781807789,1.79778511719238,2.65803393632299
"328","महिन्याच्या",2.65163600284954,1.90229330716938,3.37992780506984,2.27696465500946,2.93056488438532
"329","डिपाजिट",2.02427014625681,2.20332330283336,2.95395907279756,2.11379672454508,2.8377639459617
"330","कलिकाल",2.55574906329907,2.32826203944166,3.28975117472075,2.44200555137036,3.02443106272674
"331","श्रेयो",1.5805726470241,1.7262020481137,2.47683781807789,1.6533873475689,2.57590843231493
"332","जिका",2.29842799552049,2.37941456188904,2.47683781807789,2.33892127870476,2.96580240197913
"333","दुर्गों",1.80242139664045,2.27027009246397,2.65292907713358,2.03634574455221,2.79371409128307
"334","प्रदाय",2.65571391526998,2.20332330283336,2.65292907713358,2.42951860905167,3.01732917719127
"335","थोपा",3.67632299450492,3.46656473760794,3.51823050323612,3.57144386605643,3.66679341417761
"336","कहदिया",1.7055113836324,2.32826203944166,2.47683781807789,2.01688671153703,2.78264686428885
"337","होर्डिग",1.47142817759903,1.90229330716938,2.47683781807789,1.6868607423842,2.59494625697965
"338","ग्रमीण",2.57081280973494,2.02723204377768,2.47683781807789,2.29902242675631,2.94311013094092
"339","रणनीतिक",2.96478663118938,2.96924009679999,3.55601906412552,2.96701336399468,3.32302661120623
"340","रैकिंग",2.14484407746266,2.32826203944166,3.35189908146959,2.23655305845216,2.907580992434
"341","फिरोजपुर",2.76305070474118,2.27027009246397,2.65292907713358,2.51666039860258,3.06689063098445
"342","उपचार",4.49749427038772,4.08603753045358,4.31252838957032,4.29176590042065,4.07647294229304
"343","नीलोफर",1.5805726470241,1.90229330716938,2.65292907713358,1.74143297709674,2.62598394054151
"344","उठानेवाला",1.88160264268808,1.7262020481137,2.47683781807789,1.80390234540089,2.66151307904843
"345","ऑरिजनल",1.88160264268808,2.42517205244971,2.65292907713358,2.1533873475689,2.86028091335185
"346","निठल्ली",2.00654137929638,2.42517205244971,2.77786781374188,2.21585671587305,2.89581005185877
"347","आत्मवादी",1.22839012891273,1.7262020481137,2.47683781807789,1.47729608851322,2.47575741586178
"348","शिक्षाएं",2.56082858882834,2.74739134718363,2.87477782674993,2.65410996800599,3.14506438112186
"349","हाईकमान",3.07657924590413,2.78689988846731,3.13005033185324,2.93173956718572,3.30296481697791
"350","सकोगे",3.25164258854645,3.29440377218069,3.66716951624819,3.27302318036357,3.49706815261117
"351","तकलीफ",4.4833609358574,4.66796186192839,4.45226962658716,4.57566139889289,4.23793707680457
"352","अस्ता",1.22839012891273,1.7262020481137,2.77786781374188,1.47729608851322,2.47575741586178
"353","ज़ज्बातों",1.74027348989161,1.7262020481137,2.95395907279756,1.73323776900265,2.62132295722485
"354","अनगीनत",1.52942012457672,1.7262020481137,2.47683781807789,1.62781108634521,2.56136206259527
"355","बिमारीयों",1.77245817326301,1.7262020481137,2.47683781807789,1.74933011068835,2.63047539548657
"356","फैकेल्टी",2.10345139230443,1.7262020481137,2.65292907713358,1.91482672020907,2.72460075839177
"357","जुमेरात",1.77245817326301,1.7262020481137,2.87477782674993,1.74933011068835,2.63047539548657
"358","ढांचों",2.04130348555559,2.02723204377768,2.65292907713358,2.03426776466663,2.79253225069185
"359","बढ़ि",1.92736013324875,2.20332330283336,2.65292907713358,2.06534171804106,2.81020540512527
"360","एक्सीलरेटर",1.22839012891273,2.02723204377768,2.65292907713358,1.62781108634521,2.56136206259527
"361","मर्दा",2.96478663118938,2.78689988846731,2.87477782674993,2.87584325982834,3.27117407376987
"362","अजेंसी",1.32530014192079,1.7262020481137,2.47683781807789,1.52575109501724,2.5033159566982
"363","चकाचक",2.54014398996849,2.80538329416132,3.59078117038473,2.6727636420649,3.15567356426704
"364","मँगो",1.22839012891273,2.76759473327192,2.65292907713358,1.99799243109233,2.77190083747392
"365","प्रयत्नाने",2.47758848630385,1.90229330716938,3.02090586242817,2.18994089673661,2.88107056028691
"366","ज्ञाती",0.927360133248754,2.37941456188904,2.47683781807789,1.6533873475689,2.57590843231493
"367","एलॉट",1.77245817326301,1.7262020481137,2.47683781807789,1.74933011068835,2.63047539548657
"368","एंटनी",2.49556185731575,2.82311206112175,2.77786781374188,2.65933695921875,3.14803720604092
"369","प्रतिष्ठितम्",1.80242139664045,1.7262020481137,2.47683781807789,1.76431172237707,2.63899611165827
"370","विमा",3.05929942845918,2.02723204377768,3.37992780506984,2.54326573611843,3.08202228266087
"371","मनस्थिति",2.32530014192079,2.20332330283336,3.17580782241391,2.26431172237707,2.9233685926952
"372","सदियो",3.00472803853291,3.23808540909257,3.17580782241391,3.12140672381274,3.4108370567804
"373","आखिरत",2.75343493594958,2.32826203944166,2.65292907713358,2.54084848769562,3.08064748479831
"374","कटवायी",1.62633013758477,1.7262020481137,2.47683781807789,1.67626609284923,2.5889206034317
"375","चौकड़ी",2.73691984788402,3.0686247289359,3.13005033185324,2.90277228840996,3.28648982310921
"376","जिम्मेदारीपूर्ण",1.8304501202407,1.90229330716938,2.47683781807789,1.86637171370504,2.69704221755535
"377","नाक्",0.927360133248754,1.7262020481137,2.47683781807789,1.32678109068122,2.39015276912827
"378","असीरियन",0.927360133248754,1.90229330716938,2.47683781807789,1.41482672020907,2.44022827735485
"379","गैरब्राह्मण",1.10345139230444,2.12414205678573,2.47683781807789,1.61379672454508,2.55339146492478
"380","दोगनी",1.5805726470241,2.32826203944166,2.47683781807789,1.95441734323288,2.74711772578193
"381","हड़पी",3.09467746799693,2.50435329849734,2.77786781374188,2.79951538324713,3.22776297849852
"382","लगाईं",2.68702797793838,2.53911540475655,3.13005033185324,2.61307169134747,3.12172406802013
"383","केलाच",2.23911399430451,1.7262020481137,3.07889780940586,1.9826580212091,2.76317946910646
"384","नामर्दी",2.24957942798267,2.82311206112175,2.77786781374188,2.53634574455221,3.07808657231999
"385","विधानसभाओं",3.03626326091607,2.6012633115054,3.28975117472075,2.81876328621073,3.23871012633955
"386","बैर",3.91703238087263,3.92623131466747,3.84790568034963,3.92163184777005,3.86596106455603
"387","खोने",3.93038960380237,3.87849039249675,4.15807905545348,3.90443999814956,3.85618328669565
"388","मूली",3.354683919606,3.61269277328618,3.7321103231812,3.48368834644609,3.61688290450505
"389","स्विमिंग",3.25369599417751,2.70392565340254,3.25498906846154,2.97881082379002,3.3297363570301
"390","कित्ते",2.41872182708303,2.42517205244971,3.02090586242817,2.42194693976637,3.01302282843077
"391","सजग",3.83905029200261,3.71072936145749,4.13005033185324,3.77488982673005,3.782502279365
"392","१५०००",2.42567068703835,1.90229330716938,3.17580782241391,2.16398199710387,2.86630656689981
"393","आइआइटी",1.40448138796842,1.90229330716938,2.65292907713358,1.6533873475689,2.57590843231493
"394","बरसीं",2.71268996825952,1.7262020481137,2.95395907279756,2.21944600818661,2.89785144377952
"395","ब्रह्माण्डीय",1.80242139664045,1.7262020481137,2.47683781807789,1.76431172237707,2.63899611165827
"396","छूती",3.13553265991588,3.12414205678573,3.89181116604871,3.1298373583508,3.41563193770101
"397","गुनाही",1.96875281840698,2.02723204377768,2.47683781807789,1.99799243109233,2.77190083747392
"398","विक्षिप्त",3.09319775793888,3.33365707132836,3.71987586676419,3.21342741463362,3.46317336109133
"399","जोसुकै",2.10345139230443,1.7262020481137,2.47683781807789,1.91482672020907,2.72460075839177
"400","संघटनांना",1.667722822743,1.7262020481137,2.65292907713358,1.69696243542835,2.60069154400692
"401","ग्वालों",2.4524049402856,2.37941456188904,2.77786781374188,2.41590975108732,3.00958920778447
"402","आर्शीवाद",3.09319775793888,2.9436859923276,3.47683781807789,3.01844187513324,3.35227631782324
"403","लखा",2.30757137496036,2.20332330283336,2.77786781374188,2.25544733889686,2.91832701924893
"404","शापीत",0.927360133248754,1.7262020481137,2.47683781807789,1.32678109068122,2.39015276912827
"405","इंसानों",4.17594637710386,4.37650957124563,4.24026581164083,4.27622797417474,4.0676358250196
"406","नेवार",2.49556185731575,1.90229330716938,3.02090586242817,2.19892758224256,2.88618169239416
"407","गुंड्या",1.10345139230444,1.90229330716938,2.47683781807789,1.50287234973691,2.49030378558143
"408","पमरिया",0.927360133248754,2.02723204377768,2.87477782674993,1.47729608851322,2.47575741586177
"409","कारआमद",1.10345139230444,1.7262020481137,2.47683781807789,1.41482672020907,2.44022827735485
"410","भावपूर्ण",4.20531298028756,3.981474553217,3.6071715865729,4.09339376675228,3.96364979065331
"411","टायटल",1.74027348989161,2.87233008379193,2.95395907279756,2.30630178684177,2.94725023031665
"412","कम्युनिटी",3.66614069173312,3.67559205475861,3.32193585809215,3.67086637324587,3.72333946425835
"413","कलोनी",1.9050837385376,2.12414205678573,2.65292907713358,2.01461289766167,2.78135364410255
"414","चीख़",3.4961483455641,2.70392565340254,3.25498906846154,3.10003699948332,3.39868313372714
"415","उद्घोषणा",2.20611373420158,2.12414205678573,3.17580782241391,2.16512789549366,2.86695829083605
"416","कॉलमिस्ट",1.52942012457672,1.7262020481137,2.77786781374188,1.62781108634521,2.56136206259527
"417","गोंडवी",2.80530708487794,2.46656473760794,3.07889780940586,2.63593591124294,3.13472797789743
"418","फरार",4.21717197236638,3.63468706699235,3.6071715865729,3.92592951967936,3.8684053438031
"419","गपियाते",1.10345139230444,1.7262020481137,2.87477782674993,1.41482672020907,2.44022827735485
"420","गालीगलौज",2.59945799118447,2.20332330283336,2.87477782674993,2.40139064700891,3.00133154048605
"421","निर्वासित",2.70911550790122,2.7262020481137,3.49802711714783,2.71765877800746,3.18120744665598
"422","दोसती",2.04130348555559,2.37941456188904,2.47683781807789,2.21035902372231,2.89268326714501
"423","मागी",2.65571391526998,2.82311206112175,3.17580782241391,2.73941298819587,3.19358004410454
"424","बारीकियों",2.22839012891273,2.90229330716938,3.53753565843151,2.56534171804106,3.09457788616219
"425","जनमदिवस",2.11769183141905,1.7262020481137,2.65292907713358,1.92194693976637,2.72865034739385
"426","उस्तादों",2.20611373420158,2.12414205678573,3.25498906846154,2.16512789549366,2.86695829083605
"427","खोजिए",2.62196533218232,2.53911540475655,2.77786781374188,2.58054036846944,3.10322204202366
"428","वादग्रस्त",2.63065151136742,1.90229330716938,3.37992780506984,2.2664724092684,2.92459747247925
"429","महँगाई",4.043967877237,3.9289627355069,3.6943217622918,3.98646530637195,3.90283476750969
"430","हाइजैक",2.42567068703835,2.65562097382799,2.77786781374188,2.54064583043317,3.08053222450127
"431","क्रुति",0.927360133248754,2.02723204377768,2.47683781807789,1.47729608851322,2.47575741586177
"432","पनडुब्बी",3.01902709084444,3.30598564473051,3.17580782241391,3.16250636778747,3.43421227223406
"433","कितीला",1.62633013758477,1.7262020481137,2.47683781807789,1.67626609284923,2.5889206034317
"434","प्रायश्चित्त",1.667722822743,2.27027009246397,3.07889780940586,1.96899645760348,2.75540952363171
"435","रेखाएँ",2.21739474461127,2.20332330283336,3.32193585809215,2.21035902372231,2.89268326714501
"436","घिरती",2.18263263835206,1.90229330716938,2.65292907713358,2.04246297276072,2.79719323400851
"437","हाशिया",1.62633013758477,2.02723204377768,3.07889780940586,1.82678109068122,2.6745252501652
"438","बेफिक्र",3.41094743021765,3.43377222421163,3.7321103231812,3.42235982721464,3.58200261816072
"439","इन्क्वारी",1.85677905896305,2.50435329849734,2.65292907713358,2.18056617873019,2.8757387366499
"440","छोडी",3.13687514779138,3.64001590049741,3.32193585809215,3.3884455241444,3.56271402914727
"441","तैसी",3.73286099140715,4.16395261093408,3.63820582031287,3.94840680117062,3.88118918441237
"442","कायद्यांतर्गत",1.32530014192079,1.7262020481137,2.47683781807789,1.52575109501724,2.5033159566982
"443","आलराउंडर",2.52395722887521,2.68044455755302,2.65292907713358,2.60220089321412,3.11554135634807
"444","घबराकर",3.02078181841099,3.18860004601265,3.84790568034963,3.10469093221182,3.4013300345203
"445","थकती",2.76305070474118,2.65562097382799,3.43108032751722,2.70933583928458,3.1764738171877
"446","बेचेनी",1.77245817326301,2.02723204377768,2.47683781807789,1.89984510852034,2.71608004222007
"447","जामें",2.17039818193505,1.90229330716938,2.65292907713358,2.03634574455221,2.79371409128307
"448","अस्थिर",3.47142817759903,3.32826203944166,3.84790568034963,3.39984510852034,3.56919748533083
"449","ओलिम्पिक",1.96875281840698,2.82311206112175,3.02090586242817,2.39593243976437,2.99822721261376
"450","मुझेही",1.10345139230444,1.7262020481137,2.77786781374188,1.41482672020907,2.44022827735485
"451","ढाली",1.667722822743,1.7262020481137,2.87477782674993,1.69696243542835,2.60069154400692
"452","टागे",0.927360133248754,2.02723204377768,2.47683781807789,1.47729608851322,2.47575741586177
"453","पालनहारे",2.38975813114771,2.02723204377768,2.65292907713358,2.20849508746269,2.89162316278773
"454","सम्मानजनक",3.54014398996849,3.0586405080293,3.51823050323612,3.29939224899889,3.51206542755209
"455","विपत",2.14484407746266,2.02723204377768,2.65292907713358,2.08603806062017,2.8219763457005
"456","प्रस्तावों",2.67165311637143,2.02723204377768,3.28975117472075,2.34944258007455,2.97178633912766
"457","हेसियत",2.19453186165177,2.53911540475655,2.65292907713358,2.36682363320416,2.98167172553066
"458","राज्यातील",3.95876859750038,2.20332330283336,3.45456142336674,3.08104595016687,3.38788207010391
"459","मोहिं",2.67554816025495,2.27027009246397,2.87477782674993,2.47290912635946,3.04200731531186
"460","मैचो",1.32530014192079,2.02723204377768,2.47683781807789,1.67626609284923,2.5889206034317
"461","थूकती",2.74690406879062,2.91653374628399,2.87477782674993,2.8317189075373,3.24607857069957
"462","व्हेरी",1.5805726470241,2.68044455755302,2.95395907279756,2.13050860228856,2.84726874223509
"463","उल्लंघनकर्ता",1.40448138796842,2.02723204377768,2.77786781374188,1.71585671587305,2.61143757082185
"464","कवलित",2.77245817326301,2.02723204377768,2.65292907713358,2.39984510852034,3.00045252325699
"465","ऐरी",1.667722822743,2.12414205678573,3.02090586242817,1.89593243976437,2.71385473157684
"466","अविभावक",2.11769183141905,1.7262020481137,2.65292907713358,1.92194693976637,2.72865034739385
"467","लालो",2.39718214922692,2.62929203510564,2.65292907713358,2.51323709216628,3.06494364269517
"468","कंपन्यांकडून",1.62633013758477,1.7262020481137,2.47683781807789,1.67626609284923,2.5889206034317
"469","अनुठी",1.40448138796842,1.7262020481137,2.65292907713358,1.56534171804106,2.52583292408835
"470","भातावर",0.927360133248754,1.7262020481137,2.47683781807789,1.32678109068122,2.39015276912827
"471","प्रार्थनायें",1.40448138796842,2.12414205678573,2.47683781807789,1.76431172237707,2.63899611165827
"472","पूंजीपतियों",3.96398902861091,4.09355796913971,4.0566214146947,4.02877349887531,3.92689733885043
"473","गुजारिश",3.97870563258529,4.2313520264336,3.86600390244243,4.10502882950945,3.97026717397986
"474","सदमे",3.74160772898067,3.53911540475655,3.65292907713358,3.64036156686861,3.70599000931225
"475","डिग्रियाँ",2.75343493594958,2.27027009246397,2.77786781374188,2.51185251420678,3.06415617095611
"476","कौंधने",0.927360133248754,1.7262020481137,2.47683781807789,1.32678109068122,2.39015276912827
"477","नीचू",1.40448138796842,1.7262020481137,2.65292907713358,1.56534171804106,2.52583292408835
"478","सुननी",3.63065151136742,3.6478885235973,3.53753565843151,3.63927001748236,3.70536919609796
"479","झाम",2.68323498892125,2.76759473327192,3.13005033185324,2.72541486109658,3.18561867983835
"480","पप्पूयादव",1.40448138796842,1.7262020481137,2.47683781807789,1.56534171804106,2.52583292408835
"481","साले",4.41506399641248,5.44324811609551,4.45226962658716,4.92915605625399,4.43898538229871
"482","बिठाई",2.36669282707902,2.42517205244971,2.87477782674993,2.39593243976437,2.99822721261376
"483","झुकाता",2.95470974102351,2.70392565340254,3.17580782241391,2.82931769721303,3.24471289442476
"484","चोकलेट",2.28908796926635,2.88757005034867,3.17580782241391,2.58832900980751,3.10765179254609
"485","भेड़ियाधसान",1.22839012891273,1.7262020481137,2.65292907713358,1.47729608851322,2.47575741586178
"486","सभा",4.82098320953771,4.57623530580346,4.78753113042125,4.69860925767059,4.30786305208215
"487","सलिम",1.94854943231869,1.7262020481137,2.47683781807789,1.83737574021619,2.68055090371315
"488","आनंदायक",1.10345139230444,1.90229330716938,2.47683781807789,1.50287234973691,2.49030378558143
"489","साफसुथरा",1.32530014192079,1.7262020481137,2.47683781807789,1.52575109501724,2.5033159566982
"490","हटीला",0.927360133248754,1.7262020481137,2.47683781807789,1.32678109068122,2.39015276912827
"491","शेतकऱ्याकडे",0.927360133248754,1.7262020481137,2.47683781807789,1.32678109068122,2.39015276912827
"492","सांवला",2.56082858882834,1.90229330716938,3.28975117472075,2.23156094799886,2.90474175476357
"493","पल्लवी",3.22402532351028,3.25124685515054,3.93923581597685,3.23763608933041,3.47694192286362
"494","दिखलाकर",1.47142817759903,2.27027009246397,2.47683781807789,1.8708491350315,2.69958872837786
"495","संगहि",1.667722822743,1.7262020481137,2.47683781807789,1.69696243542835,2.60069154400692
"496","अंतराने",1.74027348989161,1.90229330716938,2.95395907279756,1.82128339853049,2.67139846545143
"497","अण्डों",2.20611373420158,2.20332330283336,2.65292907713358,2.20471851851747,2.88947525822621
"498","मायेने",1.667722822743,2.20332330283336,3.17580782241391,1.93552306278818,2.736371698967
"499","मंदिर",5.70962846196665,5.54931747751137,5.20437907510645,5.62947296973901,4.83728709869841
"500","शिल्पा",3.21516186317898,4.12760258889524,3.70728673945617,3.67138222603711,3.72363285293454
"501","नहों",1.52942012457672,2.12414205678573,2.65292907713358,1.82678109068122,2.6745252501652
"502","सातारा",3.26281803393814,2.74739134718363,3.32193585809215,3.00510469056089,3.34469086128946
"503","प्रजातन्त्र",2.86936818627107,3.00495564906652,3.17580782241391,2.9371619176688,3.30604875149776
"504","खूबियां",3.2746901485657,3.1494479220505,3.25498906846154,3.2120690353081,3.46240078969336
"505","अविवादित",1.98805797360237,1.7262020481137,2.87477782674993,1.85713001085803,2.69178604562013
"506","मलखान",2.18263263835206,2.82311206112175,3.02090586242817,2.50287234973691,3.05904874765527
"507","संकल्पित",3.71375659462106,2.6012633115054,3.21720050757214,3.15750995306323,3.43137058653121
"508","पहुंचायेंगे",2.35060600718556,2.32826203944166,2.47683781807789,2.33943402331361,2.96609402289224
"509","नद्या",1.88160264268808,2.02723204377768,3.07889780940586,1.95441734323288,2.74711772578193
"510","३६०",1.77245817326301,1.7262020481137,3.13005033185324,1.74933011068835,2.63047539548657
"511","एटीन",1.22839012891273,1.90229330716938,2.65292907713358,1.56534171804106,2.52583292408835
"512","व्यक्तित्त्व",1.80242139664045,1.90229330716938,3.02090586242817,1.85235735190492,2.68907161988485
"513","जोडों",1.52942012457672,1.7262020481137,2.95395907279756,1.62781108634521,2.56136206259527
"514","डरा",4.34994997310024,4.41462187011641,4.17144301701146,4.38228592160832,4.12795574831034
"515","अतिशूद्र",2.02427014625681,2.02723204377768,2.65292907713358,2.02575109501724,2.78768843773512
"516","अभ्यासक्रम",2.46517922832203,1.90229330716938,3.25498906846154,2.1837362677457,2.87754170880679
"517","खबरचियों",1.32530014192079,1.7262020481137,2.47683781807789,1.52575109501724,2.5033159566982
"518","मांजरी",1.98805797360237,1.7262020481137,2.77786781374188,1.85713001085803,2.69178604562013
"519","स्वामीभक्त",1.62633013758477,1.90229330716938,2.47683781807789,1.76431172237707,2.63899611165827
"520","कैम्पेनिंग",2.15780905462703,1.90229330716938,2.47683781807789,2.0300511808982,2.7901340899164
"521","लिखल",2.13148011590468,2.20332330283336,3.02090586242817,2.16740170936902,2.86825151102235
"522","चक्रो",1.32530014192079,2.12414205678573,2.47683781807789,1.72472109935326,2.61647914426812
"523","तिजला",0.927360133248754,1.90229330716938,2.77786781374188,1.41482672020907,2.44022827735485
"524","बुली",1.96875281840698,1.90229330716938,2.77786781374188,1.93552306278818,2.736371698967
"525","काफिले",3.64710562577833,3.13274222854765,3.59078117038473,3.38992392716299,3.56355486341601
"526","घुरी",1.47142817759903,1.7262020481137,2.47683781807789,1.59881511285636,2.54487074875307
"527","राजनीतिज्ञों",2.85677905896305,3.2313520264336,3.70728673945617,3.04406554269832,3.36684964966074
"528","वसदा",1.7055113836324,1.90229330716938,2.47683781807789,1.80390234540089,2.66151307904843
"529","संबधीत",1.667722822743,1.7262020481137,3.02090586242817,1.69696243542835,2.60069154400692
"530","स्ट्रेचिंग",1.40448138796842,2.02723204377768,2.65292907713358,1.71585671587305,2.61143757082185
"531","विस्थापितों",2.72324015059283,2.27027009246397,3.28975117472075,2.4967551215284,3.05556960492983
"532","मिलायेगा",1.7055113836324,1.7262020481137,2.47683781807789,1.71585671587305,2.61143757082185
"533","खानेके",1.667722822743,2.6012633115054,2.77786781374188,2.1344930671242,2.84953488653692
"534","बुजर्गों",2.25979859316436,2.12414205678573,2.47683781807789,2.19197032497505,2.88222478737341
"535","सड़ेगा",1.7055113836324,2.20332330283336,2.47683781807789,1.95441734323288,2.74711772578193
"536","लुभावन",2.41165997259554,2.12414205678573,2.95395907279756,2.26790101469064,2.92540998461594
"537","शिकवे",3.2095289115534,2.70392565340254,3.6071715865729,2.95672728247797,3.31717645416412
"538","मिर्चों",1.10345139230444,2.20332330283336,2.87477782674993,1.6533873475689,2.57590843231493
"539","ललचाने",1.96875281840698,1.7262020481137,2.87477782674993,1.84747743326034,2.68629619074042
"540","तोगडिया",1.40448138796842,2.20332330283336,2.77786781374188,1.80390234540089,2.66151307904843
"541","बोलेन",2.28908796926635,2.02723204377768,2.65292907713358,2.15816000652201,2.86299533908713
"542","असहनीय",3.6993148822127,3.45047791771448,3.8092762779935,3.57489639996359,3.6687570254437
"543","पृष्टि",1.5805726470241,1.7262020481137,2.47683781807789,1.6533873475689,2.57590843231493
"544","गाएंगे",2.93596030501067,3.02723204377768,3.07889780940586,2.98159617439417,3.33132051115382
"545","प्लम्बिंग",1.5805726470241,1.7262020481137,2.65292907713358,1.6533873475689,2.57590843231493
"546","घ्राण",1.94854943231869,1.7262020481137,2.77786781374188,1.83737574021619,2.68055090371315
"547","सटाक",2.21739474461127,2.12414205678573,2.77786781374188,2.1707684006985,2.87016629975485
"548","सम्प्रेषित",1.32530014192079,1.90229330716938,2.77786781374188,1.61379672454508,2.55339146492478
"549","जीवनमा",3.51055890721738,1.7262020481137,2.77786781374188,2.61838047766554,3.12474341349326
"550","काढल्याबद्दल",1.22839012891273,1.7262020481137,2.47683781807789,1.47729608851322,2.47575741586178
"551","मीरान",3.22402532351028,1.7262020481137,2.87477782674993,2.47511368581199,3.04326114739408
"552","महाज्योति",1.32530014192079,1.7262020481137,2.47683781807789,1.52575109501724,2.5033159566982
"553","चटवा",2.53481515646342,2.70392565340254,2.65292907713358,2.61937040493298,3.12530642963944
"554","हड़ताली",2.50714372986556,1.90229330716938,2.95395907279756,2.20471851851747,2.88947525822621
"555","हॉ",3.10777276608708,3.1064132898253,2.95395907279756,3.10709302795619,3.40269621437333
"556","असी",2.75986904595499,2.99337377651671,3.25498906846154,2.87662141123585,3.27161664346262
"557","बिचमें",1.10345139230444,2.12414205678573,2.47683781807789,1.61379672454508,2.55339146492478
"558","गंगासागर",2.83851774198873,1.90229330716938,3.32193585809215,2.37040552457905,2.98370890820483
"559","साहित्यों",1.80242139664045,2.20332330283336,2.65292907713358,2.00287234973691,2.77467626661835
"560","नौटंकी",4.38128972530648,4.74156180352291,3.95395907279756,4.5614257644147,4.22984063141317
"561","राँझा",2.21739474461127,2.27027009246397,3.28975117472075,2.24383241853762,2.91172109180973
"562","बोकारो",3.41942173776135,2.46656473760794,3.25498906846154,2.94299323768465,3.30936528537902
"563","तरिको",1.32530014192079,1.90229330716938,2.47683781807789,1.61379672454508,2.55339146492478
"564","अवगुण",3.13954773765271,3.12414205678573,3.49802711714783,3.13184489721922,3.41677371531859
"565","दाय",1.9050837385376,2.37941456188904,2.77786781374188,2.14224915021332,2.85394611971928
"566","राखिएको",2.71623524902417,1.7262020481137,2.77786781374188,2.22121864856893,2.89885962406654
"567","दलाल",4.8680011113689,5.32482843275535,4.17144301701146,5.09641477206213,4.53411293427753
"568","कीडे",2.76620922398601,3.27643040116879,3.25498906846154,3.0213198125774,3.35391313024577
"569","बिखेरती",2.02427014625681,2.02723204377768,3.17580782241391,2.02575109501724,2.78768843773512
"570","नकारात्मक",3.90940511232024,4.26402114318697,4.36893242076837,4.08671312775361,3.95985021087938
"571","इनका",4.96406885481864,5.2762468576786,4.95756319706638,5.12015785624862,4.54761669379269
"572","डिजिटली",2.43251011156866,1.7262020481137,2.65292907713358,2.07935607984118,2.81817600279577
"573","विनत",1.8304501202407,2.02723204377768,2.87477782674993,1.92884108200919,2.73257135606227
"574","बोटी",3.10777276608708,3.42949342623236,3.45456142336674,3.26863309615972,3.49457131433715
"575","माके",1.7055113836324,2.37941456188904,2.65292907713358,2.04246297276072,2.79719323400851
"576","आफनो",2.55574906329907,1.90229330716938,3.13005033185324,2.22902118523422,2.90329727748632
"577","स्वायत्ता",2.00654137929638,1.7262020481137,2.95395907279756,1.86637171370504,2.69704221755535
"578","छूकर",3.42221015492885,3.31726665514019,4.02706617113299,3.36973840503452,3.55207444939862
"579","आषाढ़",3.24017195946084,2.20332330283336,3.25498906846154,2.7217476311471,3.18353296127982
"580","निष्ठापूर्वक",2.52395722887521,2.42517205244971,2.95395907279756,2.47456464066246,3.04294888073133
"581","बालकों",3.23911399430451,2.78689988846731,3.55601906412552,3.01300694138591,3.34918522663524
"582","रुढ़िवादी",1.8304501202407,1.90229330716938,2.47683781807789,1.86637171370504,2.69704221755535
"583","मुआफी",1.74027348989161,2.37941456188904,3.21720050757214,2.05984402589032,2.80707862041151
"584","न्यूजीलेंड",2.02427014625681,1.7262020481137,2.47683781807789,1.87523609718525,2.70208379100162
"585","जितात्मा",1.10345139230444,1.7262020481137,2.47683781807789,1.41482672020907,2.44022827735485
"586","कामेश्वर",2.73354010723264,1.7262020481137,3.17580782241391,2.22987107767317,2.90378064952927
"587","पनपे",2.54014398996849,2.6012633115054,3.28975117472075,2.57070365073694,3.09762745836996
"588","अतिशयोक्ति",2.67554816025495,3.02723204377768,3.45456142336674,2.85139010201632,3.25726646345749
"589","यादि",2.10345139230443,2.62929203510564,3.07889780940586,2.36637171370504,2.98141469859227
"590","अभ्युत्थान",2.17039818193505,2.32826203944166,2.77786781374188,2.24933011068835,2.91484787652349
"591","शूद्रः",1.667722822743,2.02723204377768,2.47683781807789,1.84747743326034,2.68629619074042
"592","देशावरच",0.927360133248754,1.90229330716938,2.47683781807789,1.41482672020907,2.44022827735485
"593","बोट",3.50312511378547,4.13528941756153,4.16703389810641,3.8192072656735,3.8077075994961
"594","मस्जिदों",4.44954345086744,4.06165994880308,3.57374783108595,4.25560169983526,4.05590473540267
"595","पोता",3.61220549489317,3.66821010113601,3.6943217622918,3.64020779801459,3.7059025540512
"596","मैफिल",1.74027348989161,2.02723204377768,3.13005033185324,1.88375276683464,2.70692760395835
"597","बिद्या",2.79364747233295,2.27027009246397,3.13005033185324,2.53195878239846,3.07559150969623
"598","मौखिक",3.06089904161897,3.03795590916945,3.59078117038473,3.04942747539421,3.3698992218685
"599","विशन्ति",1.22839012891273,1.90229330716938,2.47683781807789,1.56534171804106,2.52583292408835
"600","माचा",1.94854943231869,2.12414205678573,2.77786781374188,2.03634574455221,2.79371409128307
"601","बाऊजी",2.41872182708303,2.02723204377768,3.07889780940586,2.22297693543035,2.89985964086085
"602","पिघलकर",2.28908796926635,1.90229330716938,3.21720050757214,2.09569063821786,2.82746620058021
"603","फास्फोरस",1.5805726470241,2.20332330283336,2.77786781374188,1.89194797492873,2.71158858727501
"604","सरकरी",2.8304501202407,2.50435329849734,2.65292907713358,2.66740170936902,3.15262399205927
"605","वामपंथ",3.71552850438992,3.76759473327192,3.96113765742468,3.74156161883092,3.76354702902742
"606","सोखा",1.47142817759903,1.90229330716938,2.47683781807789,1.6868607423842,2.59494625697965
"607","निचोड़कर",1.94854943231869,2.02723204377768,2.95395907279756,1.98789073804818,2.76615555044665
"608","सन्ति",2.67554816025495,2.78689988846731,3.37992780506984,2.73122402436113,3.18892261217893
"609","नागपाल",2.64751943665471,2.02723204377768,2.77786781374188,2.33737574021619,2.96492338475007
"610","गुज़ारें",1.667722822743,1.7262020481137,2.47683781807789,1.69696243542835,2.60069154400692
"611","लिज",1.47142817759903,2.42517205244971,2.65292907713358,1.94830011502437,2.74363858305649
"612","अकल्पनीय",3.53961403934519,3.74114239790663,3.45456142336674,3.64037821862591,3.70599947991532
"613","प्रसिध्दी",1.5805726470241,2.12414205678573,3.17580782241391,1.85235735190492,2.68907161988485
"614","जकडा",1.85677905896305,2.12414205678573,2.65292907713358,1.99046055787439,2.76761712252624
"615","फिरतो",2.18263263835206,1.90229330716938,3.21720050757214,2.04246297276072,2.79719323400851
"616","दीदावर",2.00654137929638,2.12414205678573,2.47683781807789,2.06534171804106,2.81020540512527
"617","चिदंबरम",4.28710078111247,3.51507716388911,4.10522674812821,3.90108897250079,3.85427740774013
"618","अर्कोतिर",2.60405374287362,1.7262020481137,2.65292907713358,2.16512789549366,2.86695829083605
"619","डोळ्या",1.88160264268808,1.7262020481137,2.87477782674993,1.80390234540089,2.66151307904843
"620","पारूल",1.52942012457672,2.32826203944166,2.47683781807789,1.92884108200919,2.73257135606227
"621","हॅसी",1.10345139230444,2.20332330283336,2.65292907713358,1.6533873475689,2.57590843231493
"622","रिएक्टिव",1.22839012891273,1.90229330716938,2.47683781807789,1.56534171804106,2.52583292408835
"623","सपनवा",1.47142817759903,1.7262020481137,2.47683781807789,1.59881511285636,2.54487074875307
"624","अज़ीब",3.0479340644546,2.37941456188904,2.77786781374188,2.71367431317182,3.17894130235416
"625","खेजड़ली",1.98805797360237,1.7262020481137,2.47683781807789,1.85713001085803,2.69178604562013
"626","कम्पीटीशन",1.80242139664045,1.7262020481137,2.95395907279756,1.76431172237707,2.63899611165827
"627","विकर्म",1.47142817759903,2.27027009246397,2.65292907713358,1.8708491350315,2.69958872837786
"628","तड़प",4.32642784219783,4.16789718375441,3.89181116604871,4.24716251297612,4.05110499039253
"629","यात्राओ",1.667722822743,2.27027009246397,2.65292907713358,1.96899645760348,2.75540952363171
"630","संख्याबल",3.06408070040516,2.37941456188904,2.95395907279756,2.7217476311471,3.18353296127982
"631","सर्वाच",0.927360133248754,1.7262020481137,2.47683781807789,1.32678109068122,2.39015276912827
"632","जातिसूचक",3.2965759906589,2.68044455755302,3.07889780940586,2.98851027410596,3.33525287053217
"633","पडेंगी",1.5805726470241,2.37941456188904,2.77786781374188,1.97999360445657,2.76166409550159
"634","गाढ़े",2.48965299770523,2.20332330283336,3.02090586242817,2.34648815026929,2.97010602206012
"635","भारद्वाज",3.50485193308598,3.59543376784467,4.13005033185324,3.55014285046533,3.65467856887311
"636","संतानों",3.10633708054192,3.21050188746048,3.65292907713358,3.1584194840012,3.43188787767004
"637","एटी",1.77245817326301,2.37941456188904,2.47683781807789,2.07593636757602,2.81623105867323
"638","करतीये",1.5805726470241,1.7262020481137,2.87477782674993,1.6533873475689,2.57590843231493
"639","रीपीट",1.74027348989161,2.32826203944166,2.47683781807789,2.03426776466663,2.79253225069185
"640","बुल्ली",1.5805726470241,2.53911540475655,2.47683781807789,2.05984402589032,2.80707862041151
"641","अशफाक़",1.22839012891273,1.7262020481137,2.47683781807789,1.47729608851322,2.47575741586178
"642","साग़र",2.60860137062434,1.90229330716938,3.25498906846154,2.25544733889686,2.91832701924893
"643","आंध्र",3.8782115921373,3.32826203944166,4.07343491370435,3.60323681578948,3.68487549416775
"644","बछडा",1.9050837385376,2.20332330283336,2.47683781807789,2.05420352068548,2.80387061149271
"645","दोहराएगा",2.41872182708303,2.37941456188904,2.65292907713358,2.39906819448603,3.00001065731401
"646","आजयेगा",0.927360133248754,2.12414205678573,2.47683781807789,1.52575109501724,2.5033159566982
"647","मशागत",1.52942012457672,1.90229330716938,2.47683781807789,1.71585671587305,2.61143757082185
"648","दिलीप",4.02113191474748,4.19084060720873,4.18012919619655,4.10598626097811,3.9708117083042
"649","मक़ूला",1.47142817759903,1.7262020481137,2.47683781807789,1.59881511285636,2.54487074875307
"650","युगांतर",2.84117398563247,2.27027009246397,2.65292907713358,2.55572203904822,3.08910674219825
"651","डायनोसोर",1.47142817759903,1.90229330716938,2.47683781807789,1.6868607423842,2.59494625697965
"652","चिनिया",2.38975813114771,2.02723204377768,2.47683781807789,2.20849508746269,2.89162316278773
"653","साथीहरू",2.9607838887357,1.7262020481137,2.47683781807789,2.3434929684247,2.96840252747551
"654","मददगार",3.74952821261677,3.62382913940414,3.86600390244243,3.68667867601045,3.73233263179449
"655","संवैधानीक",1.40448138796842,1.7262020481137,2.47683781807789,1.56534171804106,2.52583292408835
"656","बंधाती",1.40448138796842,1.7262020481137,2.65292907713358,1.56534171804106,2.52583292408835
"657","विलायती",2.56082858882834,2.37941456188904,3.13005033185324,2.47012157535869,3.04042190972365
"658","निरामिष",1.74027348989161,1.7262020481137,3.07889780940586,1.73323776900265,2.62132295722485
"659","कन्याएं",2.42567068703835,2.02723204377768,2.77786781374188,2.22645136540802,2.90183570540673
"660","लिहा",2.71268996825952,2.02723204377768,3.43108032751722,2.3699610060186,2.98345609051302
"661","स्पार्टकस",1.5805726470241,1.90229330716938,2.65292907713358,1.74143297709674,2.62598394054151
"662","पछताएं",1.74027348989161,2.20332330283336,2.47683781807789,1.97179839636248,2.75700311218493
"663","खटखटाए",1.667722822743,1.7262020481137,2.65292907713358,1.69696243542835,2.60069154400692
"664","तत्पश्चात",2.9050837385376,3.04842134284761,3.65292907713358,2.97675254069261,3.32856571888792
"665","छत्रसाल",2.667722822743,2.93032203076962,3.21720050757214,2.79902242675631,3.22748261197784
"666","करनेको",2.02427014625681,2.8565358166087,2.77786781374188,2.44040298143276,3.02351960914835
"667","लाजो",1.32530014192079,1.7262020481137,2.47683781807789,1.52575109501724,2.5033159566982
"668","अबाध",2.18263263835206,2.20332330283336,3.07889780940586,2.19297797059271,2.88279788074201
"669","रक्तदाता",3.11488085408522,1.7262020481137,2.65292907713358,2.42054145109946,3.01222346383221
"670","चबाते",2.61310187185102,2.42517205244971,3.49802711714783,2.51913696215037,3.06829916402551
"671","फीकी",3.30666565099934,3.17336007945591,3.71987586676419,3.24001286522763,3.47829370218113
"672","चिनवाया",1.5805726470241,1.7262020481137,2.47683781807789,1.6533873475689,2.57590843231493
"673","पोचवली",1.32530014192079,1.7262020481137,2.77786781374188,1.52575109501724,2.5033159566982
"674","बेअदबी",2.7055113836324,2.53911540475655,2.95395907279756,2.62231339419447,3.12698023995535
"675","बर्खा",2.41872182708303,2.42517205244971,2.87477782674993,2.42194693976637,3.01302282843077
"676","कत्लोगारत",1.22839012891273,2.42517205244971,2.47683781807789,1.82678109068122,2.6745252501652
"677","हाकलून",2.46517922832203,2.02723204377768,3.17580782241391,2.24620563604985,2.91307084731371
"678","रहिएगा",3.19099620183686,3.87077625572331,3.28975117472075,3.53088622878009,3.64372646230307
"679","मर्यादीत",1.9050837385376,1.7262020481137,2.87477782674993,1.81564289332565,2.66819045653263
"680","प्रज्ज्वलित",2.99924214055488,2.70392565340254,3.25498906846154,2.85158389697871,3.25737668336602
"681","मोतिया",2.50139140097647,2.27027009246397,2.95395907279756,2.38583074672022,2.99248192558649
"682","रोंदते",1.22839012891273,2.12414205678573,2.47683781807789,1.67626609284923,2.5889206034317
"683","माघ्यम",1.52942012457672,2.02723204377768,2.47683781807789,1.7783260841772,2.64696670932877
"684","पौष्टिकता",1.80242139664045,1.7262020481137,3.13005033185324,1.76431172237707,2.63899611165827
"685","हरिभजन",1.7055113836324,1.7262020481137,2.47683781807789,1.71585671587305,2.61143757082185
"686","एंटिना",1.98805797360237,2.37941456188904,2.47683781807789,2.1837362677457,2.87754170880679
"687","तोरी",2.95674391093396,2.87233008379193,3.51823050323612,2.91453699736295,3.29318094205649
"688","बनवाई",3.46893937719533,3.59835832086199,3.37992780506984,3.53364884902866,3.64529768865157
"689","शाणा",2.02427014625681,2.27027009246397,2.47683781807789,2.14727011936039,2.85680177062641
"690","पुराणों",4.49778631160773,3.5490236934168,4.00188262511474,4.02340500251226,3.92384403359003
"691","वामदल",2.33390031368271,2.27027009246397,3.02090586242817,2.30208520307334,2.94485206954119
"692","बोस्निया",1.22839012891273,3.00495564906652,3.02090586242817,2.11667288898963,2.83939974999963
"693","गुरूनानक",1.94854943231869,2.27027009246397,2.47683781807789,2.10940976239133,2.83526888333794
"694","सुपरपावर",2.9073635048325,3.02723204377768,2.95395907279756,2.96729777430509,3.32318836813743
"695","दंपतियों",1.80242139664045,2.20332330283336,2.77786781374188,2.00287234973691,2.77467626661835
"696","जीवनयात्रा",1.98805797360237,1.90229330716938,2.47683781807789,1.94517564038587,2.74186155384671
"697","बहाकर",3.32443068320816,3.1494479220505,3.43108032751722,3.23693930262933,3.47654562893774
"698","मारकण्डे",1.10345139230444,1.7262020481137,2.47683781807789,1.41482672020907,2.44022827735485
"699","खाएंगी",2.17039818193505,2.02723204377768,2.77786781374188,2.09881511285636,2.82924322978999
"700","बादरायण",0.927360133248754,1.7262020481137,2.47683781807789,1.32678109068122,2.39015276912827
"701","गहिरा",1.92736013324875,1.7262020481137,2.65292907713358,1.82678109068122,2.6745252501652
"702","गुजरती",3.29750298029986,3.47825049593313,3.91617051190816,3.38787673811649,3.56239053495941
"703","हाकीम",1.7055113836324,2.12414205678573,2.47683781807789,1.91482672020907,2.72460075839177
"704","एक्चुली",1.7055113836324,2.12414205678573,2.47683781807789,1.91482672020907,2.72460075839177
"705","स्वतंत्रचेता",1.22839012891273,1.7262020481137,2.47683781807789,1.47729608851322,2.47575741586178
"706","डेयरी",3.54225734928189,3.24471598799158,3.28975117472075,3.39348666863674,3.56558115468038
"707","८८",2.49556185731575,2.70392565340254,3.07889780940586,2.59974375535915,3.11414387157193
"708","आँकता",1.40448138796842,1.7262020481137,2.65292907713358,1.56534171804106,2.52583292408835
"709","इतिहासाच्या",2.30757137496036,1.7262020481137,3.21720050757214,2.01688671153703,2.78264686428885
"710","वक्री",2.02427014625681,1.90229330716938,2.77786781374188,1.96328172671309,2.7521592992282
"711","व्योस्था",1.10345139230444,1.7262020481137,2.77786781374188,1.41482672020907,2.44022827735485
"712","जाँन",1.47142817759903,1.90229330716938,2.47683781807789,1.6868607423842,2.59494625697965
"713","पल्ला",3.43857483438514,3.50795742276616,3.7321103231812,3.47326612857565,3.61095532059761
"714","विधमहे",1.9050837385376,1.7262020481137,2.65292907713358,1.81564289332565,2.66819045653263
"715","पोदीने",0.927360133248754,1.7262020481137,2.47683781807789,1.32678109068122,2.39015276912827
"716","पीढ़ियाँ",3.25979859316436,2.82311206112175,3.13005033185324,3.04145532714306,3.36536510271375
"717","साझ",3.02252948468051,2.02723204377768,2.77786781374188,2.52488076422909,3.07156592252094
"718","इगनोर",2.15780905462703,2.68044455755302,2.65292907713358,2.41912680609002,3.01141889160997
"719","सजेगी",2.48965299770523,2.20332330283336,2.87477782674993,2.34648815026929,2.97010602206012
"720","बैठके",2.60405374287362,3.2245126019033,3.17580782241391,2.91428317238846,3.293036580381
"721","सुचारु",3.10489663317862,2.50435329849734,3.13005033185324,2.80462496583798,3.23066902785536
"722","मरनेवालों",2.81666183575506,2.46656473760794,2.65292907713358,2.6416132866815,3.13795695657592
"723","कंपोजिशन",1.88160264268808,1.7262020481137,2.47683781807789,1.80390234540089,2.66151307904843
"724","चालविला",1.32530014192079,1.7262020481137,2.47683781807789,1.52575109501724,2.5033159566982
"725","वरिष्ठ",4.99088113293874,4.02286723837523,4.56141409601222,4.50687418565699,4.19881469582155
"726","करुंगी",3.29750298029986,2.12414205678573,3.02090586242817,2.71082251854279,3.17731935852603
"727","मुआविया",1.8304501202407,1.7262020481137,2.87477782674993,1.7783260841772,2.64696670932877
"728","स्रष्टि",1.667722822743,2.02723204377768,2.65292907713358,1.84747743326034,2.68629619074042
"729","कारस्थानी",1.77245817326301,1.90229330716938,2.47683781807789,1.83737574021619,2.68055090371315
"730","डोंगरगढ़",2.23911399430451,1.7262020481137,2.95395907279756,1.9826580212091,2.76317946910646
"731","इजराइलियों",1.85677905896305,2.02723204377768,2.65292907713358,1.94200555137036,2.74005858168982
"732","सिपाहियों",3.65367974535953,3.18104690812221,3.89181116604871,3.41736332674087,3.57916088368826
"733","हिस्टोरिकल",1.74027348989161,2.42517205244971,2.47683781807789,2.08272277117066,2.82009079152828
"734","वर्जिन",2.69451599933093,3.51507716388911,3.28975117472075,3.10479658161002,3.40139012208328
"735","बख़ुद",1.85677905896305,1.90229330716938,2.65292907713358,1.87953618306621,2.7045294431829
"736","टाईटल",1.96875281840698,3.0586405080293,2.95395907279756,2.51369666321814,3.06520502141563
"737","ख़ुशनुमा",2.51842474027525,1.7262020481137,3.02090586242817,2.12231339419447,2.84260775891843
"738","सदावहार",1.9050837385376,1.7262020481137,2.47683781807789,1.81564289332565,2.66819045653263
"739","तस्दीक़",2.11769183141905,2.02723204377768,2.47683781807789,2.07246193759836,2.81425499412735
"740","भृंगराज",1.32530014192079,1.7262020481137,2.95395907279756,1.52575109501724,2.5033159566982
"741","भेनचो",1.10345139230444,2.02723204377768,2.47683781807789,1.56534171804106,2.52583292408835
"742","सरों",2.57081280973494,2.42517205244971,3.07889780940586,2.49799243109233,3.05627331851084
"743","विकले",2.4524049402856,1.90229330716938,3.17580782241391,2.17734912372749,2.87390905282439
"744","काटूँ",1.47142817759903,1.7262020481137,2.65292907713358,1.59881511285636,2.54487074875307
"745","क्यारी",2.61310187185102,2.50435329849734,3.53753565843151,2.55872758517418,3.09081613141567
"746","घरातच",2.80530708487794,1.7262020481137,3.28975117472075,2.26575456649582,2.92418920301879
"747","महानता",3.90393935188886,4.00151340265551,4.02090586242817,3.95272637727219,3.88364592155843
"748","नार्थ",3.29935104471367,3.33365707132836,3.28975117472075,3.31650405802102,3.52179768272539
"749","प्रिसिंपल",2.02427014625681,1.90229330716938,2.95395907279756,1.96328172671309,2.7521592992282
"750","जारों",1.10345139230444,1.90229330716938,2.47683781807789,1.50287234973691,2.49030378558143
"751","मुण्डों",1.22839012891273,1.90229330716938,2.47683781807789,1.56534171804106,2.52583292408835
"752","बोतलों",3.05121177421584,2.91653374628399,3.53753565843151,2.98387276024991,3.33261530789
"753","घेतोय",2.35872389740774,1.7262020481137,3.21720050757214,2.04246297276072,2.79719323400851
"754","अम्ब्रेला",1.32530014192079,1.90229330716938,2.87477782674993,1.61379672454508,2.55339146492478
"755","योगसाधक",0.927360133248754,1.7262020481137,2.47683781807789,1.32678109068122,2.39015276912827
"756","सागरो",1.52942012457672,1.7262020481137,2.47683781807789,1.62781108634521,2.56136206259527
"757","गिरफ्तार",5.20966496161932,4.75171272096628,4.26922950757615,4.9806888412928,4.46829439417117
"758","तालिबान",3.60633350916852,4.85749984471132,4.21720050757214,4.23191667693992,4.04243399795434
"759","कीड",2.26978281407096,2.02723204377768,2.77786781374188,2.14850742892432,2.85750548420742
"760","खींचेंगे",1.85677905896305,2.32826203944166,2.77786781374188,2.09252054920235,2.82566322842332
"761","बदरुदीन",1.32530014192079,1.7262020481137,2.47683781807789,1.52575109501724,2.5033159566982
"762","साजे",2.81666183575506,2.50435329849734,3.25498906846154,2.6605075671262,3.14870298339085
"763","जहाजों",2.83315601361662,3.08792988413129,3.49802711714783,2.96054294887396,3.31934659520379
"764","लाठीमार",1.88160264268808,2.27027009246397,2.65292907713358,2.07593636757603,2.81623105867323
"765","परिकल्पनाओं",1.32530014192079,1.7262020481137,2.47683781807789,1.52575109501724,2.5033159566982
"766","अदित्य",2.07348816892699,2.27027009246397,2.47683781807789,2.17187913069548,2.87079802184486
"767","पहिरोले",2.60405374287362,1.7262020481137,2.65292907713358,2.16512789549366,2.86695829083605
"768","छन्नूलाल",2.69078812681169,1.90229330716938,2.87477782674993,2.29654071699053,2.9416986710143
"769","कॉपी",4.45640530401452,4.13950181219495,4.32193585809215,4.29795355810473,4.0799921414279
"770","हिमालयन",2.59011796493033,1.7262020481137,2.47683781807789,2.15816000652201,2.86299533908713
"771","निरानंद",0.927360133248754,1.7262020481137,2.47683781807789,1.32678109068122,2.39015276912827
"772","फिदरत",2.18263263835206,2.46656473760794,2.47683781807789,2.32459868798,2.95765650066058
"773","ड्रायविंग",1.74027348989161,1.90229330716938,2.47683781807789,1.82128339853049,2.67139846545143
"774","मांगने",4.60226718006788,4.54044964384562,4.299659463381,4.57135841195675,4.23548977466277
"775","कमलाकर",1.62633013758477,1.7262020481137,2.65292907713358,1.67626609284923,2.5889206034317
"776","ओछी",3.68891212181294,3.74114239790663,3.35189908146959,3.71502725985978,3.74845574604073
"777","ह्यूरोज़",0.927360133248754,1.7262020481137,2.47683781807789,1.32678109068122,2.39015276912827
"778","बुज़ुर्गो",2.18263263835206,1.7262020481137,2.47683781807789,1.95441734323288,2.74711772578193
"779","ढगाला",1.40448138796842,1.7262020481137,2.65292907713358,1.56534171804106,2.52583292408835
"780","मैगजीन",3.54697513899156,3.04842134284761,3.62296585375613,3.29769824091959,3.51110196899127
"781","परिचारक",2.57081280973494,1.90229330716938,2.95395907279756,2.23655305845216,2.907580992434
"782","जायदादें",1.10345139230444,1.7262020481137,2.47683781807789,1.41482672020907,2.44022827735485
"783","वाणिज्यिक",2.84904660873236,2.68044455755302,3.35189908146959,2.76474558314269,3.2079878298568
"784","पथरी",2.85421684219845,3.1494479220505,3.07889780940586,3.00183238212447,3.3428297523519
"785","कार्नर",2.15780905462703,2.53911540475655,3.07889780940586,2.34846222969179,2.9712287697864
"786","तृतिय",1.47142817759903,1.90229330716938,2.47683781807789,1.6868607423842,2.59494625697965
"787","गृहमंत्री",4.81404822015238,4.26902747507287,4.03913068253437,4.54153784761263,4.21852947892585
"788","जोडकर",3.07193434085837,3.19602406409186,3.25498906846154,3.13397920247511,3.41798759068041
"789","बढ़ाऊंगा",2.08872813548373,1.7262020481137,2.65292907713358,1.90746509179871,2.72041386932073
"790","क्योन्कि",0.927360133248754,1.7262020481137,2.77786781374188,1.32678109068122,2.39015276912827
"791","पाचसो",1.22839012891273,1.7262020481137,2.47683781807789,1.47729608851322,2.47575741586178
"792","अमोलक",1.98805797360237,1.90229330716938,2.65292907713358,1.94517564038587,2.74186155384671
"793","परिपुर्ण",1.5805726470241,1.7262020481137,2.77786781374188,1.6533873475689,2.57590843231493
"794","जोति",1.88160264268808,2.02723204377768,2.65292907713358,1.95441734323288,2.74711772578193
"795","जांचनी",1.10345139230444,1.7262020481137,2.47683781807789,1.41482672020907,2.44022827735485
"796","डाइविंग",1.32530014192079,1.7262020481137,2.65292907713358,1.52575109501724,2.5033159566982
"797","पारियो",1.9050837385376,2.12414205678573,2.65292907713358,2.01461289766167,2.78135364410255
"798","ठाउँका",1.74027348989161,1.7262020481137,2.47683781807789,1.73323776900265,2.62132295722485
"799","पम्मी",2.13148011590468,1.7262020481137,2.47683781807789,1.92884108200919,2.73257135606227
"800","चबाके",0.927360133248754,1.7262020481137,2.47683781807789,1.32678109068122,2.39015276912827
